iso,country_name,year,medal,count
AFG,Afghanistan,2008,Bronze,1
AFG,Afghanistan,2012,Bronze,1
ANT,,1988,Silver,1
ARE,United Arab Emirates,2004,Gold,1
ARE,United Arab Emirates,2016,Bronze,1
ARG,Argentina,1924,Bronze,2
ARG,Argentina,1924,Gold,5
ARG,Argentina,1924,Silver,3
ARG,Argentina,1928,Bronze,5
ARG,Argentina,1928,Gold,3
ARG,Argentina,1928,Silver,18
ARG,Argentina,1932,Gold,3
ARG,Argentina,1932,Silver,1
ARG,Argentina,1936,Bronze,4
ARG,Argentina,1936,Gold,5
ARG,Argentina,1936,Silver,2
ARG,Argentina,1948,Bronze,1
ARG,Argentina,1948,Gold,3
ARG,Argentina,1948,Silver,7
ARG,Argentina,1952,Bronze,2
ARG,Argentina,1952,Gold,2
ARG,Argentina,1952,Silver,2
ARG,Argentina,1956,Bronze,1
ARG,Argentina,1956,Silver,1
ARG,Argentina,1960,Bronze,1
ARG,Argentina,1960,Silver,3
ARG,Argentina,1964,Silver,1
ARG,Argentina,1968,Bronze,2
ARG,Argentina,1972,Silver,1
ARG,Argentina,1988,Bronze,12
ARG,Argentina,1988,Silver,1
ARG,Argentina,1992,Bronze,2
ARG,Argentina,1996,Bronze,1
ARG,Argentina,1996,Silver,19
ARG,Argentina,2000,Bronze,3
ARG,Argentina,2000,Silver,17
ARG,Argentina,2004,Bronze,21
ARG,Argentina,2004,Gold,28
ARG,Argentina,2008,Bronze,31
ARG,Argentina,2008,Gold,20
ARG,Argentina,2012,Bronze,3
ARG,Argentina,2012,Gold,1
ARG,Argentina,2012,Silver,15
ARG,Argentina,2016,Gold,21
ARG,Argentina,2016,Silver,1
ARM,Armenia,1996,Gold,1
ARM,Armenia,1996,Silver,1
ARM,Armenia,2000,Bronze,1
ARM,Armenia,2008,Bronze,6
ARM,Armenia,2012,Bronze,2
ARM,Armenia,2012,Silver,1
ARM,Armenia,2016,Gold,1
ARM,Armenia,2016,Silver,3
AUS,Australia,1896,Bronze,1
AUS,Australia,1896,Gold,2
AUS,Australia,1900,Bronze,3
AUS,Australia,1900,Gold,3
AUS,Australia,1904,Bronze,1
AUS,Australia,1904,Silver,3
AUS,Australia,1906,Bronze,3
AUS,Australia,1920,Bronze,1
AUS,Australia,1920,Silver,6
AUS,Australia,1924,Bronze,2
AUS,Australia,1924,Gold,3
AUS,Australia,1924,Silver,5
AUS,Australia,1924,Gold,1
AUS,Australia,1928,Bronze,1
AUS,Australia,1928,Gold,1
AUS,Australia,1928,Silver,2
AUS,Australia,1932,Bronze,1
AUS,Australia,1932,Gold,3
AUS,Australia,1932,Silver,1
AUS,Australia,1936,Bronze,1
AUS,Australia,1948,Bronze,5
AUS,Australia,1948,Gold,2
AUS,Australia,1948,Silver,9
AUS,Australia,1952,Bronze,11
AUS,Australia,1952,Gold,7
AUS,Australia,1952,Silver,2
AUS,Australia,1956,Bronze,26
AUS,Australia,1956,Gold,28
AUS,Australia,1956,Silver,13
AUS,Australia,1960,Bronze,11
AUS,Australia,1960,Gold,11
AUS,Australia,1960,Silver,24
AUS,Australia,1964,Bronze,30
AUS,Australia,1964,Gold,8
AUS,Australia,1964,Silver,6
AUS,Australia,1968,Bronze,11
AUS,Australia,1968,Gold,5
AUS,Australia,1968,Silver,35
AUS,Australia,1972,Bronze,2
AUS,Australia,1972,Gold,11
AUS,Australia,1972,Silver,7
AUS,Australia,1976,Bronze,8
AUS,Australia,1976,Silver,15
AUS,Australia,1980,Bronze,5
AUS,Australia,1980,Gold,6
AUS,Australia,1980,Silver,2
AUS,Australia,1984,Bronze,31
AUS,Australia,1984,Gold,7
AUS,Australia,1984,Silver,14
AUS,Australia,1988,Bronze,11
AUS,Australia,1988,Gold,18
AUS,Australia,1988,Silver,6
AUS,Australia,1992,Bronze,16
AUS,Australia,1992,Gold,14
AUS,Australia,1992,Silver,27
AUS,Australia,1994,Bronze,4
AUS,Australia,1996,Bronze,84
AUS,Australia,1996,Gold,32
AUS,Australia,1996,Silver,16
AUS,Australia,1998,Bronze,1
AUS,Australia,2000,Bronze,54
AUS,Australia,2000,Gold,60
AUS,Australia,2000,Silver,69
AUS,Australia,2002,Gold,2
AUS,Australia,2004,Bronze,31
AUS,Australia,2004,Gold,49
AUS,Australia,2004,Silver,77
AUS,Australia,2006,Bronze,1
AUS,Australia,2006,Gold,1
AUS,Australia,2008,Bronze,76
AUS,Australia,2008,Gold,31
AUS,Australia,2008,Silver,42
AUS,Australia,2010,Gold,2
AUS,Australia,2010,Silver,1
AUS,Australia,2012,Bronze,59
AUS,Australia,2012,Gold,18
AUS,Australia,2012,Silver,37
AUS,Australia,2014,Bronze,1
AUS,Australia,2014,Silver,2
AUS,Australia,2016,Bronze,25
AUS,Australia,2016,Gold,23
AUS,Australia,2016,Silver,34
AUT,Austria,1896,Bronze,2
AUT,Austria,1896,Gold,2
AUT,Austria,1896,Silver,1
AUT,Austria,1900,Bronze,3
AUT,Austria,1900,Silver,3
AUT,Austria,1904,Bronze,1
AUT,Austria,1904,Gold,2
AUT,Austria,1904,Silver,1
AUT,Austria,1906,Bronze,3
AUT,Austria,1906,Gold,3
AUT,Austria,1906,Silver,3
AUT,Austria,1908,Bronze,1
AUT,Austria,1912,Bronze,5
AUT,Austria,1912,Silver,9
AUT,Austria,1924,Bronze,1
AUT,Austria,1924,Silver,3
AUT,Austria,1924,Gold,3
AUT,Austria,1924,Silver,1
AUT,Austria,1928,Bronze,2
AUT,Austria,1928,Gold,3
AUT,Austria,1928,Bronze,2
AUT,Austria,1928,Silver,4
AUT,Austria,1932,Bronze,3
AUT,Austria,1932,Gold,1
AUT,Austria,1932,Silver,1
AUT,Austria,1932,Gold,1
AUT,Austria,1932,Silver,1
AUT,Austria,1936,Bronze,7
AUT,Austria,1936,Gold,6
AUT,Austria,1936,Silver,42
AUT,Austria,1936,Bronze,2
AUT,Austria,1936,Gold,1
AUT,Austria,1936,Silver,2
AUT,Austria,1948,Bronze,4
AUT,Austria,1948,Gold,2
AUT,Austria,1948,Silver,2
AUT,Austria,1948,Bronze,4
AUT,Austria,1948,Gold,1
AUT,Austria,1948,Silver,3
AUT,Austria,1952,Bronze,2
AUT,Austria,1952,Silver,1
AUT,Austria,1952,Bronze,2
AUT,Austria,1952,Gold,2
AUT,Austria,1952,Silver,4
AUT,Austria,1956,Bronze,4
AUT,Austria,1956,Bronze,4
AUT,Austria,1956,Gold,5
AUT,Austria,1956,Silver,3
AUT,Austria,1960,Gold,1
AUT,Austria,1960,Silver,2
AUT,Austria,1960,Bronze,3
AUT,Austria,1960,Gold,1
AUT,Austria,1960,Silver,2
AUT,Austria,1964,Bronze,3
AUT,Austria,1964,Gold,5
AUT,Austria,1964,Silver,9
AUT,Austria,1968,Bronze,3
AUT,Austria,1968,Silver,2
AUT,Austria,1968,Bronze,4
AUT,Austria,1968,Gold,3
AUT,Austria,1968,Silver,8
AUT,Austria,1972,Bronze,2
AUT,Austria,1972,Silver,1
AUT,Austria,1972,Bronze,2
AUT,Austria,1972,Gold,1
AUT,Austria,1972,Silver,2
AUT,Austria,1976,Bronze,1
AUT,Austria,1976,Bronze,3
AUT,Austria,1976,Gold,2
AUT,Austria,1976,Silver,2
AUT,Austria,1980,Bronze,1
AUT,Austria,1980,Gold,1
AUT,Austria,1980,Silver,3
AUT,Austria,1980,Bronze,3
AUT,Austria,1980,Gold,3
AUT,Austria,1980,Silver,2
AUT,Austria,1984,Bronze,1
AUT,Austria,1984,Gold,1
AUT,Austria,1984,Silver,1
AUT,Austria,1984,Bronze,1
AUT,Austria,1988,Gold,1
AUT,Austria,1988,Bronze,4
AUT,Austria,1988,Gold,3
AUT,Austria,1988,Silver,5
AUT,Austria,1992,Silver,6
AUT,Austria,1992,Bronze,10
AUT,Austria,1992,Gold,9
AUT,Austria,1992,Silver,10
AUT,Austria,1994,Bronze,7
AUT,Austria,1994,Gold,2
AUT,Austria,1994,Silver,3
AUT,Austria,1996,Bronze,2
AUT,Austria,1996,Silver,1
AUT,Austria,1998,Bronze,12
AUT,Austria,1998,Gold,3
AUT,Austria,1998,Silver,5
AUT,Austria,2000,Gold,3
AUT,Austria,2000,Silver,1
AUT,Austria,2002,Bronze,13
AUT,Austria,2002,Gold,3
AUT,Austria,2002,Silver,4
AUT,Austria,2004,Bronze,1
AUT,Austria,2004,Gold,3
AUT,Austria,2004,Silver,4
AUT,Austria,2006,Bronze,7
AUT,Austria,2006,Gold,16
AUT,Austria,2006,Silver,7
AUT,Austria,2008,Bronze,2
AUT,Austria,2008,Silver,1
AUT,Austria,2010,Bronze,6
AUT,Austria,2010,Gold,11
AUT,Austria,2010,Silver,9
AUT,Austria,2014,Bronze,11
AUT,Austria,2014,Gold,4
AUT,Austria,2014,Silver,12
AUT,Austria,2016,Bronze,2
AZE,Azerbaijan,1996,Silver,1
AZE,Azerbaijan,2000,Bronze,1
AZE,Azerbaijan,2000,Gold,2
AZE,Azerbaijan,2004,Bronze,4
AZE,Azerbaijan,2004,Gold,1
AZE,Azerbaijan,2008,Bronze,4
AZE,Azerbaijan,2008,Gold,1
AZE,Azerbaijan,2008,Silver,2
AZE,Azerbaijan,2012,Bronze,6
AZE,Azerbaijan,2012,Gold,2
AZE,Azerbaijan,2012,Silver,2
AZE,Azerbaijan,2016,Bronze,10
AZE,Azerbaijan,2016,Gold,1
AZE,Azerbaijan,2016,Silver,7
BDI,Burundi,1996,Gold,1
BDI,Burundi,2016,Silver,1
BEL,Belgium,1900,Bronze,13
BEL,Belgium,1900,Gold,6
BEL,Belgium,1900,Silver,24
BEL,Belgium,1906,Bronze,6
BEL,Belgium,1906,Gold,2
BEL,Belgium,1906,Silver,3
BEL,Belgium,1908,Bronze,8
BEL,Belgium,1908,Gold,1
BEL,Belgium,1908,Silver,24
BEL,Belgium,1912,Bronze,11
BEL,Belgium,1912,Gold,7
BEL,Belgium,1912,Silver,1
BEL,Belgium,1920,Bronze,66
BEL,Belgium,1920,Gold,57
BEL,Belgium,1920,Silver,65
BEL,Belgium,1924,Bronze,6
BEL,Belgium,1924,Gold,3
BEL,Belgium,1924,Silver,30
BEL,Belgium,1924,Bronze,5
BEL,Belgium,1928,Bronze,4
BEL,Belgium,1928,Silver,1
BEL,Belgium,1928,Bronze,1
BEL,Belgium,1932,Bronze,1
BEL,Belgium,1936,Bronze,14
BEL,Belgium,1948,Bronze,8
BEL,Belgium,1948,Gold,5
BEL,Belgium,1948,Silver,2
BEL,Belgium,1948,Gold,2
BEL,Belgium,1948,Silver,4
BEL,Belgium,1952,Gold,5
BEL,Belgium,1952,Silver,3
BEL,Belgium,1956,Silver,2
BEL,Belgium,1960,Bronze,2
BEL,Belgium,1960,Silver,2
BEL,Belgium,1964,Bronze,1
BEL,Belgium,1964,Gold,2
BEL,Belgium,1968,Bronze,2
BEL,Belgium,1968,Silver,1
BEL,Belgium,1972,Silver,2
BEL,Belgium,1976,Bronze,6
BEL,Belgium,1976,Silver,3
BEL,Belgium,1980,Gold,1
BEL,Belgium,1984,Bronze,2
BEL,Belgium,1984,Gold,1
BEL,Belgium,1984,Silver,2
BEL,Belgium,1988,Bronze,2
BEL,Belgium,1992,Bronze,2
BEL,Belgium,1992,Silver,1
BEL,Belgium,1996,Bronze,2
BEL,Belgium,1996,Gold,2
BEL,Belgium,1996,Silver,2
BEL,Belgium,1998,Bronze,1
BEL,Belgium,2000,Bronze,4
BEL,Belgium,2000,Silver,3
BEL,Belgium,2004,Bronze,2
BEL,Belgium,2004,Gold,1
BEL,Belgium,2008,Gold,1
BEL,Belgium,2008,Silver,4
BEL,Belgium,2012,Bronze,2
BEL,Belgium,2012,Silver,1
BEL,Belgium,2016,Bronze,2
BEL,Belgium,2016,Gold,2
BEL,Belgium,2016,Silver,17
BGR,Bulgaria,1952,Bronze,1
BGR,Bulgaria,1956,Bronze,14
BGR,Bulgaria,1956,Gold,1
BGR,Bulgaria,1956,Silver,3
BGR,Bulgaria,1960,Bronze,3
BGR,Bulgaria,1960,Gold,1
BGR,Bulgaria,1960,Silver,3
BGR,Bulgaria,1964,Bronze,2
BGR,Bulgaria,1964,Gold,3
BGR,Bulgaria,1964,Silver,5
BGR,Bulgaria,1968,Bronze,3
BGR,Bulgaria,1968,Gold,2
BGR,Bulgaria,1968,Silver,21
BGR,Bulgaria,1972,Bronze,6
BGR,Bulgaria,1972,Gold,6
BGR,Bulgaria,1972,Silver,10
BGR,Bulgaria,1976,Bronze,18
BGR,Bulgaria,1976,Gold,8
BGR,Bulgaria,1976,Silver,13
BGR,Bulgaria,1980,Bronze,38
BGR,Bulgaria,1980,Gold,8
BGR,Bulgaria,1980,Silver,44
BGR,Bulgaria,1980,Bronze,1
BGR,Bulgaria,1988,Bronze,17
BGR,Bulgaria,1988,Gold,10
BGR,Bulgaria,1988,Silver,14
BGR,Bulgaria,1992,Bronze,7
BGR,Bulgaria,1992,Gold,3
BGR,Bulgaria,1992,Silver,7
BGR,Bulgaria,1996,Bronze,6
BGR,Bulgaria,1996,Gold,3
BGR,Bulgaria,1996,Silver,12
BGR,Bulgaria,1998,Gold,1
BGR,Bulgaria,2000,Bronze,2
BGR,Bulgaria,2000,Gold,5
BGR,Bulgaria,2000,Silver,6
BGR,Bulgaria,2002,Bronze,2
BGR,Bulgaria,2002,Silver,1
BGR,Bulgaria,2004,Bronze,14
BGR,Bulgaria,2004,Gold,2
BGR,Bulgaria,2004,Silver,1
BGR,Bulgaria,2006,Silver,1
BGR,Bulgaria,2008,Bronze,3
BGR,Bulgaria,2008,Gold,1
BGR,Bulgaria,2008,Silver,1
BGR,Bulgaria,2012,Bronze,1
BGR,Bulgaria,2012,Silver,1
BGR,Bulgaria,2016,Bronze,6
BGR,Bulgaria,2016,Silver,1
BHR,Bahrain,2012,Bronze,1
BHR,Bahrain,2016,Gold,1
BHR,Bahrain,2016,Silver,1
BHS,Bahamas,1956,Bronze,2
BHS,Bahamas,1964,Gold,2
BHS,Bahamas,1992,Bronze,1
BHS,Bahamas,1996,Silver,5
BHS,Bahamas,2000,Bronze,5
BHS,Bahamas,2000,Gold,6
BHS,Bahamas,2004,Bronze,1
BHS,Bahamas,2004,Gold,1
BHS,Bahamas,2008,Bronze,1
BHS,Bahamas,2008,Silver,6
BHS,Bahamas,2012,Gold,4
BHS,Bahamas,2016,Bronze,5
BHS,Bahamas,2016,Gold,1
BLR,Belarus,1994,Silver,2
BLR,Belarus,1996,Bronze,16
BLR,Belarus,1996,Gold,1
BLR,Belarus,1996,Silver,6
BLR,Belarus,1998,Bronze,2
BLR,Belarus,2000,Bronze,11
BLR,Belarus,2000,Gold,3
BLR,Belarus,2000,Silver,8
BLR,Belarus,2002,Bronze,1
BLR,Belarus,2004,Bronze,8
BLR,Belarus,2004,Gold,2
BLR,Belarus,2004,Silver,5
BLR,Belarus,2006,Silver,1
BLR,Belarus,2008,Bronze,16
BLR,Belarus,2008,Gold,8
BLR,Belarus,2008,Silver,5
BLR,Belarus,2010,Bronze,1
BLR,Belarus,2010,Gold,1
BLR,Belarus,2010,Silver,1
BLR,Belarus,2012,Bronze,8
BLR,Belarus,2012,Gold,3
BLR,Belarus,2012,Silver,12
BLR,Belarus,2014,Bronze,1
BLR,Belarus,2014,Gold,5
BLR,Belarus,2016,Bronze,7
BLR,Belarus,2016,Gold,1
BLR,Belarus,2016,Silver,4
BMU,Bermuda,1976,Bronze,1
BRA,Brazil,1920,Bronze,5
BRA,Brazil,1920,Gold,1
BRA,Brazil,1920,Silver,1
BRA,Brazil,1948,Bronze,10
BRA,Brazil,1952,Bronze,2
BRA,Brazil,1952,Gold,1
BRA,Brazil,1956,Gold,1
BRA,Brazil,1960,Bronze,13
BRA,Brazil,1964,Bronze,12
BRA,Brazil,1968,Bronze,3
BRA,Brazil,1968,Silver,1
BRA,Brazil,1972,Bronze,2
BRA,Brazil,1976,Bronze,3
BRA,Brazil,1980,Bronze,5
BRA,Brazil,1980,Gold,4
BRA,Brazil,1984,Bronze,2
BRA,Brazil,1984,Gold,1
BRA,Brazil,1984,Silver,33
BRA,Brazil,1988,Bronze,5
BRA,Brazil,1988,Gold,1
BRA,Brazil,1988,Silver,17
BRA,Brazil,1992,Gold,13
BRA,Brazil,1992,Silver,1
BRA,Brazil,1996,Bronze,43
BRA,Brazil,1996,Gold,5
BRA,Brazil,1996,Silver,15
BRA,Brazil,2000,Bronze,36
BRA,Brazil,2000,Silver,12
BRA,Brazil,2004,Bronze,3
BRA,Brazil,2004,Gold,18
BRA,Brazil,2004,Silver,19
BRA,Brazil,2008,Bronze,30
BRA,Brazil,2008,Gold,14
BRA,Brazil,2008,Silver,34
BRA,Brazil,2012,Bronze,11
BRA,Brazil,2012,Gold,14
BRA,Brazil,2012,Silver,34
BRA,Brazil,2016,Bronze,6
BRA,Brazil,2016,Gold,36
BRA,Brazil,2016,Silver,8
BRB,Barbados,2000,Bronze,1
BWA,Botswana,2012,Silver,1
CAN,Canada,1900,Bronze,1
CAN,Canada,1900,Gold,1
CAN,Canada,1904,Bronze,12
CAN,Canada,1904,Gold,27
CAN,Canada,1904,Silver,9
CAN,Canada,1906,Gold,1
CAN,Canada,1906,Silver,1
CAN,Canada,1908,Bronze,30
CAN,Canada,1908,Gold,14
CAN,Canada,1908,Silver,8
CAN,Canada,1912,Bronze,3
CAN,Canada,1912,Gold,3
CAN,Canada,1912,Silver,2
CAN,Canada,1920,Bronze,3
CAN,Canada,1920,Gold,10
CAN,Canada,1920,Silver,3
CAN,Canada,1924,Bronze,1
CAN,Canada,1924,Silver,19
CAN,Canada,1924,Gold,9
CAN,Canada,1928,Bronze,21
CAN,Canada,1928,Gold,7
CAN,Canada,1928,Silver,5
CAN,Canada,1928,Gold,12
CAN,Canada,1932,Bronze,24
CAN,Canada,1932,Gold,2
CAN,Canada,1932,Silver,13
CAN,Canada,1932,Bronze,5
CAN,Canada,1932,Gold,14
CAN,Canada,1932,Silver,1
CAN,Canada,1936,Bronze,9
CAN,Canada,1936,Gold,1
CAN,Canada,1936,Silver,12
CAN,Canada,1936,Silver,13
CAN,Canada,1948,Bronze,5
CAN,Canada,1948,Silver,2
CAN,Canada,1948,Bronze,2
CAN,Canada,1948,Gold,13
CAN,Canada,1952,Gold,1
CAN,Canada,1952,Silver,3
CAN,Canada,1952,Bronze,1
CAN,Canada,1952,Gold,16
CAN,Canada,1956,Bronze,5
CAN,Canada,1956,Gold,5
CAN,Canada,1956,Silver,9
CAN,Canada,1956,Bronze,18
CAN,Canada,1956,Silver,2
CAN,Canada,1960,Silver,9
CAN,Canada,1960,Bronze,1
CAN,Canada,1960,Gold,3
CAN,Canada,1960,Silver,17
CAN,Canada,1964,Bronze,1
CAN,Canada,1964,Gold,2
CAN,Canada,1964,Silver,2
CAN,Canada,1964,Bronze,1
CAN,Canada,1964,Gold,4
CAN,Canada,1964,Silver,2
CAN,Canada,1968,Bronze,4
CAN,Canada,1968,Gold,3
CAN,Canada,1968,Silver,3
CAN,Canada,1968,Bronze,18
CAN,Canada,1968,Gold,1
CAN,Canada,1968,Silver,1
CAN,Canada,1972,Bronze,9
CAN,Canada,1972,Silver,2
CAN,Canada,1972,Silver,1
CAN,Canada,1976,Bronze,14
CAN,Canada,1976,Silver,9
CAN,Canada,1976,Bronze,1
CAN,Canada,1976,Gold,1
CAN,Canada,1976,Silver,1
CAN,Canada,1980,Bronze,1
CAN,Canada,1980,Silver,1
CAN,Canada,1984,Bronze,32
CAN,Canada,1984,Gold,19
CAN,Canada,1984,Silver,36
CAN,Canada,1984,Bronze,1
CAN,Canada,1984,Gold,2
CAN,Canada,1984,Silver,1
CAN,Canada,1988,Bronze,14
CAN,Canada,1988,Gold,4
CAN,Canada,1988,Silver,5
CAN,Canada,1988,Bronze,4
CAN,Canada,1988,Silver,2
CAN,Canada,1992,Bronze,12
CAN,Canada,1992,Gold,27
CAN,Canada,1992,Silver,5
CAN,Canada,1992,Bronze,3
CAN,Canada,1992,Gold,5
CAN,Canada,1992,Silver,28
CAN,Canada,1994,Bronze,5
CAN,Canada,1994,Gold,3
CAN,Canada,1994,Silver,29
CAN,Canada,1996,Bronze,12
CAN,Canada,1996,Gold,8
CAN,Canada,1996,Silver,30
CAN,Canada,1998,Bronze,7
CAN,Canada,1998,Gold,14
CAN,Canada,1998,Silver,28
CAN,Canada,2000,Bronze,23
CAN,Canada,2000,Gold,4
CAN,Canada,2000,Silver,4
CAN,Canada,2002,Bronze,15
CAN,Canada,2002,Gold,52
CAN,Canada,2002,Silver,7
CAN,Canada,2004,Bronze,4
CAN,Canada,2004,Gold,3
CAN,Canada,2004,Silver,10
CAN,Canada,2006,Bronze,11
CAN,Canada,2006,Gold,30
CAN,Canada,2006,Silver,28
CAN,Canada,2008,Bronze,11
CAN,Canada,2008,Gold,11
CAN,Canada,2008,Silver,13
CAN,Canada,2010,Bronze,8
CAN,Canada,2010,Gold,67
CAN,Canada,2010,Silver,15
CAN,Canada,2012,Bronze,33
CAN,Canada,2012,Gold,1
CAN,Canada,2012,Silver,21
CAN,Canada,2014,Bronze,5
CAN,Canada,2014,Gold,59
CAN,Canada,2014,Silver,22
CAN,Canada,2016,Bronze,61
CAN,Canada,2016,Gold,4
CAN,Canada,2016,Silver,4
CHE,Switzerland,1896,Gold,1
CHE,Switzerland,1896,Silver,2
CHE,Switzerland,1900,Bronze,1
CHE,Switzerland,1900,Gold,16
CHE,Switzerland,1900,Silver,4
CHE,Switzerland,1904,Bronze,2
CHE,Switzerland,1904,Gold,1
CHE,Switzerland,1906,Bronze,1
CHE,Switzerland,1906,Gold,8
CHE,Switzerland,1906,Silver,3
CHE,Switzerland,1912,Gold,2
CHE,Switzerland,1920,Bronze,21
CHE,Switzerland,1920,Gold,6
CHE,Switzerland,1920,Silver,2
CHE,Switzerland,1924,Bronze,21
CHE,Switzerland,1924,Gold,14
CHE,Switzerland,1924,Silver,25
CHE,Switzerland,1924,Bronze,1
CHE,Switzerland,1924,Gold,8
CHE,Switzerland,1928,Bronze,4
CHE,Switzerland,1928,Gold,16
CHE,Switzerland,1928,Silver,10
CHE,Switzerland,1928,Bronze,12
CHE,Switzerland,1932,Silver,1
CHE,Switzerland,1932,Silver,2
CHE,Switzerland,1936,Bronze,24
CHE,Switzerland,1936,Gold,5
CHE,Switzerland,1936,Silver,23
CHE,Switzerland,1936,Gold,4
CHE,Switzerland,1936,Silver,6
CHE,Switzerland,1948,Bronze,6
CHE,Switzerland,1948,Gold,5
CHE,Switzerland,1948,Silver,25
CHE,Switzerland,1948,Bronze,19
CHE,Switzerland,1948,Gold,4
CHE,Switzerland,1948,Silver,5
CHE,Switzerland,1952,Bronze,12
CHE,Switzerland,1952,Gold,2
CHE,Switzerland,1952,Silver,19
CHE,Switzerland,1952,Bronze,6
CHE,Switzerland,1956,Bronze,3
CHE,Switzerland,1956,Bronze,2
CHE,Switzerland,1956,Gold,6
CHE,Switzerland,1956,Silver,2
CHE,Switzerland,1960,Bronze,6
CHE,Switzerland,1960,Silver,6
CHE,Switzerland,1960,Gold,2
CHE,Switzerland,1964,Bronze,1
CHE,Switzerland,1964,Gold,1
CHE,Switzerland,1964,Silver,4
CHE,Switzerland,1968,Bronze,10
CHE,Switzerland,1968,Silver,3
CHE,Switzerland,1968,Bronze,7
CHE,Switzerland,1968,Silver,2
CHE,Switzerland,1972,Silver,8
CHE,Switzerland,1972,Bronze,7
CHE,Switzerland,1972,Gold,7
CHE,Switzerland,1972,Silver,3
CHE,Switzerland,1976,Bronze,6
CHE,Switzerland,1976,Gold,1
CHE,Switzerland,1976,Silver,3
CHE,Switzerland,1976,Bronze,2
CHE,Switzerland,1976,Gold,1
CHE,Switzerland,1976,Silver,6
CHE,Switzerland,1980,Gold,2
CHE,Switzerland,1980,Bronze,3
CHE,Switzerland,1980,Gold,2
CHE,Switzerland,1980,Silver,4
CHE,Switzerland,1984,Bronze,4
CHE,Switzerland,1984,Silver,9
CHE,Switzerland,1984,Bronze,4
CHE,Switzerland,1984,Gold,2
CHE,Switzerland,1984,Silver,2
CHE,Switzerland,1988,Bronze,2
CHE,Switzerland,1988,Silver,6
CHE,Switzerland,1988,Bronze,5
CHE,Switzerland,1988,Gold,8
CHE,Switzerland,1988,Silver,7
CHE,Switzerland,1992,Gold,1
CHE,Switzerland,1992,Bronze,5
CHE,Switzerland,1992,Gold,2
CHE,Switzerland,1994,Bronze,4
CHE,Switzerland,1994,Gold,4
CHE,Switzerland,1994,Silver,8
CHE,Switzerland,1996,Gold,5
CHE,Switzerland,1996,Silver,6
CHE,Switzerland,1998,Bronze,3
CHE,Switzerland,1998,Gold,6
CHE,Switzerland,1998,Silver,5
CHE,Switzerland,2000,Bronze,2
CHE,Switzerland,2000,Gold,1
CHE,Switzerland,2000,Silver,11
CHE,Switzerland,2002,Bronze,14
CHE,Switzerland,2002,Gold,3
CHE,Switzerland,2002,Silver,7
CHE,Switzerland,2004,Bronze,4
CHE,Switzerland,2004,Gold,1
CHE,Switzerland,2004,Silver,2
CHE,Switzerland,2006,Bronze,9
CHE,Switzerland,2006,Gold,5
CHE,Switzerland,2006,Silver,7
CHE,Switzerland,2008,Bronze,7
CHE,Switzerland,2008,Gold,3
CHE,Switzerland,2008,Silver,1
CHE,Switzerland,2010,Bronze,6
CHE,Switzerland,2010,Gold,6
CHE,Switzerland,2012,Gold,2
CHE,Switzerland,2012,Silver,2
CHE,Switzerland,2014,Bronze,20
CHE,Switzerland,2014,Gold,6
CHE,Switzerland,2014,Silver,4
CHE,Switzerland,2016,Bronze,2
CHE,Switzerland,2016,Gold,6
CHE,Switzerland,2016,Silver,3
CHL,Chile,1928,Silver,1
CHL,Chile,1952,Silver,4
CHL,Chile,1956,Bronze,2
CHL,Chile,1956,Silver,2
CHL,Chile,1988,Silver,1
CHL,Chile,2000,Bronze,17
CHL,Chile,2004,Bronze,1
CHL,Chile,2004,Gold,3
CHL,Chile,2008,Silver,1
CHN,China,1984,Bronze,37
CHN,China,1984,Gold,24
CHN,China,1984,Silver,13
CHN,China,1988,Bronze,30
CHN,China,1988,Gold,6
CHN,China,1988,Silver,16
CHN,China,1992,Bronze,19
CHN,China,1992,Gold,18
CHN,China,1992,Silver,45
CHN,China,1992,Silver,3
CHN,China,1994,Bronze,2
CHN,China,1994,Silver,1
CHN,China,1996,Bronze,17
CHN,China,1996,Gold,19
CHN,China,1996,Silver,70
CHN,China,1998,Bronze,5
CHN,China,1998,Silver,9
CHN,China,2000,Bronze,17
CHN,China,2000,Gold,39
CHN,China,2000,Silver,23
CHN,China,2002,Bronze,9
CHN,China,2002,Gold,2
CHN,China,2002,Silver,5
CHN,China,2004,Bronze,15
CHN,China,2004,Gold,52
CHN,China,2004,Silver,27
CHN,China,2006,Bronze,6
CHN,China,2006,Gold,2
CHN,China,2006,Silver,5
CHN,China,2008,Bronze,57
CHN,China,2008,Gold,74
CHN,China,2008,Silver,53
CHN,China,2010,Bronze,7
CHN,China,2010,Gold,9
CHN,China,2010,Silver,3
CHN,China,2012,Bronze,29
CHN,China,2012,Gold,56
CHN,China,2012,Silver,40
CHN,China,2014,Bronze,5
CHN,China,2014,Gold,3
CHN,China,2014,Silver,4
CHN,China,2016,Bronze,37
CHN,China,2016,Gold,46
CHN,China,2016,Silver,30
CIV,Côte d'Ivoire,1984,Silver,1
CIV,Côte d'Ivoire,2016,Bronze,1
CIV,Côte d'Ivoire,2016,Gold,1
CMR,Cameroon,1968,Silver,1
CMR,Cameroon,1984,Bronze,1
CMR,Cameroon,2000,Gold,18
CMR,Cameroon,2004,Gold,1
CMR,Cameroon,2008,Gold,1
COL,Colombia,1900,Silver,1
COL,Colombia,1972,Bronze,2
COL,Colombia,1972,Silver,1
COL,Colombia,1984,Silver,1
COL,Colombia,1988,Bronze,1
COL,Colombia,1992,Bronze,1
COL,Colombia,2000,Gold,1
COL,Colombia,2004,Bronze,2
COL,Colombia,2008,Bronze,1
COL,Colombia,2008,Silver,1
COL,Colombia,2012,Bronze,4
COL,Colombia,2012,Gold,1
COL,Colombia,2012,Silver,3
COL,Colombia,2016,Bronze,3
COL,Colombia,2016,Gold,3
COL,Colombia,2016,Silver,2
CRI,Costa Rica,1988,Silver,1
CRI,Costa Rica,1996,Gold,1
CRI,Costa Rica,2000,Bronze,2
CSK,,1920,Bronze,10
CSK,,1924,Bronze,5
CSK,,1924,Gold,1
CSK,,1924,Silver,4
CSK,,1928,Bronze,2
CSK,,1928,Gold,2
CSK,,1928,Silver,12
CSK,,1928,Bronze,1
CSK,,1932,Bronze,2
CSK,,1932,Gold,1
CSK,,1932,Silver,3
CSK,,1936,Bronze,1
CSK,,1936,Gold,5
CSK,,1936,Silver,12
CSK,,1948,Bronze,3
CSK,,1948,Gold,14
CSK,,1948,Silver,3
CSK,,1948,Silver,17
CSK,,1952,Bronze,10
CSK,,1952,Gold,11
CSK,,1952,Silver,4
CSK,,1956,Bronze,1
CSK,,1956,Gold,1
CSK,,1956,Silver,5
CSK,,1960,Bronze,11
CSK,,1960,Gold,4
CSK,,1960,Silver,7
CSK,,1960,Silver,1
CSK,,1964,Bronze,12
CSK,,1964,Gold,5
CSK,,1964,Silver,37
CSK,,1964,Bronze,17
CSK,,1968,Bronze,15
CSK,,1968,Gold,7
CSK,,1968,Silver,7
CSK,,1968,Bronze,1
CSK,,1968,Gold,1
CSK,,1968,Silver,19
CSK,,1972,Bronze,6
CSK,,1972,Gold,2
CSK,,1972,Silver,21
CSK,,1972,Bronze,19
CSK,,1972,Gold,1
CSK,,1976,Bronze,9
CSK,,1976,Gold,2
CSK,,1976,Silver,4
CSK,,1976,Silver,19
CSK,,1980,Bronze,16
CSK,,1980,Gold,17
CSK,,1980,Silver,18
CSK,,1980,Bronze,1
CSK,,1984,Bronze,4
CSK,,1984,Silver,24
CSK,,1988,Bronze,3
CSK,,1988,Gold,3
CSK,,1988,Silver,4
CSK,,1988,Bronze,5
CSK,,1988,Silver,1
CSK,,1992,Bronze,1
CSK,,1992,Gold,4
CSK,,1992,Silver,3
CSK,,1992,Bronze,27
CUB,Cuba,1900,Gold,1
CUB,Cuba,1900,Silver,1
CUB,Cuba,1904,Gold,5
CUB,Cuba,1948,Silver,2
CUB,Cuba,1964,Silver,1
CUB,Cuba,1968,Silver,10
CUB,Cuba,1972,Bronze,18
CUB,Cuba,1972,Gold,3
CUB,Cuba,1972,Silver,1
CUB,Cuba,1976,Bronze,14
CUB,Cuba,1976,Gold,6
CUB,Cuba,1976,Silver,4
CUB,Cuba,1980,Bronze,5
CUB,Cuba,1980,Gold,8
CUB,Cuba,1980,Silver,7
CUB,Cuba,1992,Bronze,14
CUB,Cuba,1992,Gold,42
CUB,Cuba,1992,Silver,13
CUB,Cuba,1996,Bronze,10
CUB,Cuba,1996,Gold,37
CUB,Cuba,1996,Silver,8
CUB,Cuba,2000,Bronze,12
CUB,Cuba,2000,Gold,18
CUB,Cuba,2000,Silver,35
CUB,Cuba,2004,Bronze,22
CUB,Cuba,2004,Gold,32
CUB,Cuba,2004,Silver,8
CUB,Cuba,2008,Bronze,11
CUB,Cuba,2008,Gold,2
CUB,Cuba,2008,Silver,34
CUB,Cuba,2012,Bronze,6
CUB,Cuba,2012,Gold,5
CUB,Cuba,2012,Silver,3
CUB,Cuba,2016,Bronze,4
CUB,Cuba,2016,Gold,5
CUB,Cuba,2016,Silver,2
CYP,Cyprus,2012,Silver,1
CZE,Czech Republic,1996,Bronze,4
CZE,Czech Republic,1996,Gold,4
CZE,Czech Republic,1996,Silver,5
CZE,Czech Republic,1998,Bronze,1
CZE,Czech Republic,1998,Gold,21
CZE,Czech Republic,1998,Silver,1
CZE,Czech Republic,2000,Bronze,4
CZE,Czech Republic,2000,Gold,2
CZE,Czech Republic,2000,Silver,3
CZE,Czech Republic,2002,Gold,1
CZE,Czech Republic,2002,Silver,2
CZE,Czech Republic,2004,Bronze,6
CZE,Czech Republic,2004,Gold,1
CZE,Czech Republic,2004,Silver,6
CZE,Czech Republic,2006,Bronze,24
CZE,Czech Republic,2006,Gold,1
CZE,Czech Republic,2006,Silver,2
CZE,Czech Republic,2008,Gold,3
CZE,Czech Republic,2008,Silver,4
CZE,Czech Republic,2010,Bronze,7
CZE,Czech Republic,2010,Gold,2
CZE,Czech Republic,2012,Bronze,6
CZE,Czech Republic,2012,Gold,4
CZE,Czech Republic,2012,Silver,4
CZE,Czech Republic,2014,Bronze,2
CZE,Czech Republic,2014,Gold,2
CZE,Czech Republic,2014,Silver,7
CZE,Czech Republic,2016,Bronze,12
CZE,Czech Republic,2016,Gold,1
CZE,Czech Republic,2016,Silver,2
DDR,,1968,Bronze,19
DDR,,1968,Gold,13
DDR,,1968,Silver,20
DDR,,1968,Bronze,2
DDR,,1968,Gold,2
DDR,,1968,Silver,2
DDR,,1972,Bronze,57
DDR,,1972,Gold,30
DDR,,1972,Silver,64
DDR,,1972,Bronze,12
DDR,,1972,Gold,5
DDR,,1972,Silver,3
DDR,,1976,Bronze,42
DDR,,1976,Gold,102
DDR,,1976,Silver,51
DDR,,1976,Bronze,14
DDR,,1976,Gold,12
DDR,,1976,Silver,6
DDR,,1980,Bronze,61
DDR,,1980,Gold,115
DDR,,1980,Silver,88
DDR,,1980,Bronze,12
DDR,,1980,Gold,16
DDR,,1980,Silver,11
DDR,,1984,Bronze,7
DDR,,1984,Gold,13
DDR,,1984,Silver,13
DDR,,1988,Bronze,48
DDR,,1988,Gold,79
DDR,,1988,Silver,54
DDR,,1988,Bronze,7
DDR,,1988,Gold,10
DDR,,1988,Silver,15
DEU,Germany,1896,Bronze,2
DEU,Germany,1896,Gold,25
DEU,Germany,1896,Silver,5
DEU,Germany,1900,Bronze,11
DEU,Germany,1900,Gold,14
DEU,Germany,1900,Silver,20
DEU,Germany,1904,Bronze,7
DEU,Germany,1904,Gold,4
DEU,Germany,1904,Silver,5
DEU,Germany,1906,Bronze,6
DEU,Germany,1906,Gold,14
DEU,Germany,1906,Silver,10
DEU,Germany,1908,Bronze,6
DEU,Germany,1908,Gold,4
DEU,Germany,1908,Silver,11
DEU,Germany,1912,Bronze,23
DEU,Germany,1912,Gold,11
DEU,Germany,1912,Silver,19
DEU,Germany,1928,Bronze,41
DEU,Germany,1928,Gold,21
DEU,Germany,1928,Silver,15
DEU,Germany,1928,Bronze,5
DEU,Germany,1932,Bronze,7
DEU,Germany,1932,Gold,10
DEU,Germany,1932,Silver,26
DEU,Germany,1932,Bronze,14
DEU,Germany,1936,Bronze,61
DEU,Germany,1936,Gold,93
DEU,Germany,1936,Silver,70
DEU,Germany,1936,Gold,4
DEU,Germany,1936,Silver,3
DEU,Germany,1952,Bronze,26
DEU,Germany,1952,Silver,14
DEU,Germany,1952,Bronze,2
DEU,Germany,1952,Gold,8
DEU,Germany,1952,Silver,2
DEU,Germany,1956,Bronze,23
DEU,Germany,1956,Gold,9
DEU,Germany,1956,Silver,20
DEU,Germany,1956,Bronze,1
DEU,Germany,1956,Gold,1
DEU,Germany,1960,Bronze,22
DEU,Germany,1960,Gold,34
DEU,Germany,1960,Silver,33
DEU,Germany,1960,Bronze,1
DEU,Germany,1960,Gold,4
DEU,Germany,1960,Silver,4
DEU,Germany,1964,Bronze,50
DEU,Germany,1964,Gold,22
DEU,Germany,1964,Silver,44
DEU,Germany,1964,Bronze,3
DEU,Germany,1964,Gold,3
DEU,Germany,1964,Silver,4
DEU,Germany,1968,Bronze,18
DEU,Germany,1968,Gold,17
DEU,Germany,1968,Silver,16
DEU,Germany,1968,Bronze,5
DEU,Germany,1968,Gold,2
DEU,Germany,1968,Silver,3
DEU,Germany,1972,Bronze,39
DEU,Germany,1972,Gold,44
DEU,Germany,1972,Silver,19
DEU,Germany,1972,Bronze,4
DEU,Germany,1972,Gold,4
DEU,Germany,1972,Silver,2
DEU,Germany,1976,Bronze,32
DEU,Germany,1976,Gold,21
DEU,Germany,1976,Silver,25
DEU,Germany,1976,Bronze,23
DEU,Germany,1976,Gold,2
DEU,Germany,1976,Silver,7
DEU,Germany,1980,Bronze,6
DEU,Germany,1980,Silver,2
DEU,Germany,1984,Bronze,53
DEU,Germany,1984,Gold,30
DEU,Germany,1984,Silver,75
DEU,Germany,1984,Bronze,4
DEU,Germany,1984,Gold,3
DEU,Germany,1984,Silver,1
DEU,Germany,1988,Bronze,46
DEU,Germany,1988,Gold,32
DEU,Germany,1988,Silver,37
DEU,Germany,1988,Bronze,3
DEU,Germany,1988,Gold,4
DEU,Germany,1988,Silver,7
DEU,Germany,1992,Bronze,60
DEU,Germany,1992,Gold,81
DEU,Germany,1992,Silver,57
DEU,Germany,1992,Bronze,7
DEU,Germany,1992,Gold,14
DEU,Germany,1992,Silver,17
DEU,Germany,1994,Bronze,12
DEU,Germany,1994,Gold,18
DEU,Germany,1994,Silver,10
DEU,Germany,1996,Bronze,47
DEU,Germany,1996,Gold,42
DEU,Germany,1996,Silver,35
DEU,Germany,1998,Bronze,10
DEU,Germany,1998,Gold,22
DEU,Germany,1998,Silver,12
DEU,Germany,2000,Bronze,64
DEU,Germany,2000,Gold,31
DEU,Germany,2000,Silver,23
DEU,Germany,2002,Bronze,12
DEU,Germany,2002,Gold,26
DEU,Germany,2002,Silver,23
DEU,Germany,2004,Bronze,63
DEU,Germany,2004,Gold,41
DEU,Germany,2004,Silver,45
DEU,Germany,2006,Bronze,6
DEU,Germany,2006,Gold,23
DEU,Germany,2006,Silver,25
DEU,Germany,2008,Bronze,41
DEU,Germany,2008,Gold,42
DEU,Germany,2008,Silver,16
DEU,Germany,2010,Bronze,15
DEU,Germany,2010,Gold,15
DEU,Germany,2010,Silver,24
DEU,Germany,2012,Bronze,22
DEU,Germany,2012,Gold,45
DEU,Germany,2012,Silver,27
DEU,Germany,2014,Bronze,9
DEU,Germany,2014,Gold,15
DEU,Germany,2014,Silver,12
DEU,Germany,2016,Bronze,67
DEU,Germany,2016,Gold,49
DEU,Germany,2016,Silver,43
DJI,Djibouti,1988,Bronze,1
DNK,Denmark,1896,Bronze,3
DNK,Denmark,1896,Gold,1
DNK,Denmark,1896,Silver,2
DNK,Denmark,1900,Bronze,2
DNK,Denmark,1900,Gold,4
DNK,Denmark,1900,Silver,3
DNK,Denmark,1906,Bronze,1
DNK,Denmark,1906,Gold,14
DNK,Denmark,1906,Silver,19
DNK,Denmark,1908,Bronze,3
DNK,Denmark,1908,Silver,14
DNK,Denmark,1912,Bronze,33
DNK,Denmark,1912,Gold,5
DNK,Denmark,1912,Silver,49
DNK,Denmark,1920,Bronze,1
DNK,Denmark,1920,Gold,26
DNK,Denmark,1920,Silver,44
DNK,Denmark,1924,Bronze,3
DNK,Denmark,1924,Gold,2
DNK,Denmark,1924,Silver,9
DNK,Denmark,1928,Bronze,4
DNK,Denmark,1928,Gold,6
DNK,Denmark,1928,Silver,5
DNK,Denmark,1932,Bronze,4
DNK,Denmark,1932,Silver,7
DNK,Denmark,1936,Bronze,3
DNK,Denmark,1936,Silver,3
DNK,Denmark,1948,Bronze,27
DNK,Denmark,1948,Gold,7
DNK,Denmark,1948,Silver,17
DNK,Denmark,1952,Bronze,5
DNK,Denmark,1952,Gold,3
DNK,Denmark,1952,Silver,1
DNK,Denmark,1956,Bronze,1
DNK,Denmark,1956,Gold,1
DNK,Denmark,1956,Silver,4
DNK,Denmark,1960,Bronze,4
DNK,Denmark,1960,Gold,2
DNK,Denmark,1960,Silver,17
DNK,Denmark,1964,Bronze,4
DNK,Denmark,1964,Gold,7
DNK,Denmark,1964,Silver,1
DNK,Denmark,1968,Bronze,6
DNK,Denmark,1968,Gold,5
DNK,Denmark,1968,Silver,6
DNK,Denmark,1972,Gold,1
DNK,Denmark,1976,Bronze,5
DNK,Denmark,1976,Gold,3
DNK,Denmark,1980,Bronze,2
DNK,Denmark,1980,Gold,4
DNK,Denmark,1980,Silver,2
DNK,Denmark,1984,Bronze,10
DNK,Denmark,1984,Silver,3
DNK,Denmark,1988,Bronze,3
DNK,Denmark,1988,Gold,3
DNK,Denmark,1988,Silver,1
DNK,Denmark,1992,Bronze,9
DNK,Denmark,1992,Gold,3
DNK,Denmark,1992,Silver,2
DNK,Denmark,1996,Bronze,1
DNK,Denmark,1996,Gold,21
DNK,Denmark,1996,Silver,1
DNK,Denmark,1998,Silver,5
DNK,Denmark,2000,Bronze,4
DNK,Denmark,2000,Gold,18
DNK,Denmark,2000,Silver,3
DNK,Denmark,2004,Bronze,9
DNK,Denmark,2004,Gold,19
DNK,Denmark,2004,Silver,1
DNK,Denmark,2008,Bronze,6
DNK,Denmark,2008,Gold,6
DNK,Denmark,2008,Silver,7
DNK,Denmark,2012,Bronze,8
DNK,Denmark,2012,Gold,3
DNK,Denmark,2012,Silver,5
DNK,Denmark,2016,Bronze,16
DNK,Denmark,2016,Gold,15
DNK,Denmark,2016,Silver,10
DOM,Dominican Republic,1984,Bronze,1
DOM,Dominican Republic,2004,Gold,1
DOM,Dominican Republic,2008,Gold,1
DOM,Dominican Republic,2008,Silver,1
DOM,Dominican Republic,2012,Gold,1
DOM,Dominican Republic,2012,Silver,1
DOM,Dominican Republic,2016,Bronze,1
DZA,Algeria,1984,Bronze,2
DZA,Algeria,1992,Bronze,1
DZA,Algeria,1992,Gold,1
DZA,Algeria,1996,Bronze,1
DZA,Algeria,1996,Gold,2
DZA,Algeria,2000,Bronze,3
DZA,Algeria,2000,Gold,1
DZA,Algeria,2000,Silver,1
DZA,Algeria,2008,Bronze,1
DZA,Algeria,2008,Silver,1
DZA,Algeria,2012,Gold,1
DZA,Algeria,2016,Silver,2
ECU,Ecuador,1996,Gold,1
ECU,Ecuador,2008,Silver,1
EGY,Egypt,1928,Bronze,1
EGY,Egypt,1928,Gold,2
EGY,Egypt,1928,Silver,1
EGY,Egypt,1936,Bronze,2
EGY,Egypt,1936,Gold,2
EGY,Egypt,1936,Silver,1
EGY,Egypt,1948,Bronze,1
EGY,Egypt,1948,Gold,2
EGY,Egypt,1948,Silver,2
EGY,Egypt,1952,Bronze,1
EGY,Egypt,1984,Silver,1
EGY,Egypt,2004,Bronze,3
EGY,Egypt,2004,Gold,1
EGY,Egypt,2004,Silver,1
EGY,Egypt,2008,Bronze,1
EGY,Egypt,2012,Silver,2
EGY,Egypt,2016,Bronze,3
ERI,Eritrea,2004,Bronze,1
ESP,Spain,1900,Gold,2
ESP,Spain,1920,Silver,23
ESP,Spain,1928,Gold,3
ESP,Spain,1932,Bronze,1
ESP,Spain,1948,Silver,3
ESP,Spain,1952,Silver,1
ESP,Spain,1960,Bronze,14
ESP,Spain,1972,Bronze,1
ESP,Spain,1972,Gold,1
ESP,Spain,1976,Silver,6
ESP,Spain,1980,Bronze,3
ESP,Spain,1980,Gold,2
ESP,Spain,1980,Silver,19
ESP,Spain,1984,Bronze,3
ESP,Spain,1984,Gold,2
ESP,Spain,1984,Silver,14
ESP,Spain,1988,Bronze,2
ESP,Spain,1988,Gold,1
ESP,Spain,1988,Silver,2
ESP,Spain,1992,Bronze,2
ESP,Spain,1992,Gold,48
ESP,Spain,1992,Silver,19
ESP,Spain,1992,Bronze,1
ESP,Spain,1996,Bronze,22
ESP,Spain,1996,Gold,23
ESP,Spain,1996,Silver,21
ESP,Spain,2000,Bronze,20
ESP,Spain,2000,Gold,3
ESP,Spain,2000,Silver,19
ESP,Spain,2004,Bronze,9
ESP,Spain,2004,Gold,4
ESP,Spain,2004,Silver,17
ESP,Spain,2008,Bronze,16
ESP,Spain,2008,Gold,7
ESP,Spain,2008,Silver,47
ESP,Spain,2012,Bronze,25
ESP,Spain,2012,Gold,5
ESP,Spain,2012,Silver,33
ESP,Spain,2016,Bronze,17
ESP,Spain,2016,Gold,9
ESP,Spain,2016,Silver,19
EST,Estonia,1920,Gold,1
EST,Estonia,1920,Silver,2
EST,Estonia,1924,Bronze,4
EST,Estonia,1924,Gold,1
EST,Estonia,1924,Silver,1
EST,Estonia,1928,Bronze,6
EST,Estonia,1928,Gold,2
EST,Estonia,1928,Silver,1
EST,Estonia,1936,Bronze,3
EST,Estonia,1936,Gold,2
EST,Estonia,1936,Silver,2
EST,Estonia,1992,Bronze,2
EST,Estonia,1992,Gold,1
EST,Estonia,2000,Bronze,2
EST,Estonia,2000,Gold,1
EST,Estonia,2002,Bronze,1
EST,Estonia,2002,Gold,1
EST,Estonia,2002,Silver,1
EST,Estonia,2004,Bronze,2
EST,Estonia,2004,Silver,1
EST,Estonia,2006,Gold,3
EST,Estonia,2008,Gold,1
EST,Estonia,2008,Silver,2
EST,Estonia,2010,Silver,1
EST,Estonia,2012,Bronze,1
EST,Estonia,2012,Silver,1
EST,Estonia,2016,Bronze,4
ETH,Ethiopia,1960,Gold,1
ETH,Ethiopia,1964,Gold,1
ETH,Ethiopia,1968,Gold,1
ETH,Ethiopia,1968,Silver,1
ETH,Ethiopia,1972,Bronze,2
ETH,Ethiopia,1980,Bronze,2
ETH,Ethiopia,1980,Gold,2
ETH,Ethiopia,1992,Bronze,2
ETH,Ethiopia,1992,Gold,1
ETH,Ethiopia,1996,Bronze,1
ETH,Ethiopia,1996,Gold,2
ETH,Ethiopia,2000,Bronze,3
ETH,Ethiopia,2000,Gold,4
ETH,Ethiopia,2000,Silver,1
ETH,Ethiopia,2004,Bronze,2
ETH,Ethiopia,2004,Gold,2
ETH,Ethiopia,2004,Silver,3
ETH,Ethiopia,2008,Bronze,2
ETH,Ethiopia,2008,Gold,4
ETH,Ethiopia,2008,Silver,1
ETH,Ethiopia,2012,Bronze,3
ETH,Ethiopia,2012,Gold,3
ETH,Ethiopia,2012,Silver,1
ETH,Ethiopia,2016,Bronze,5
ETH,Ethiopia,2016,Gold,1
ETH,Ethiopia,2016,Silver,2
FIN,Finland,1906,Bronze,1
FIN,Finland,1906,Gold,2
FIN,Finland,1906,Silver,1
FIN,Finland,1908,Bronze,28
FIN,Finland,1908,Gold,1
FIN,Finland,1908,Silver,1
FIN,Finland,1912,Bronze,22
FIN,Finland,1912,Gold,9
FIN,Finland,1912,Silver,40
FIN,Finland,1920,Bronze,17
FIN,Finland,1920,Gold,21
FIN,Finland,1920,Silver,14
FIN,Finland,1924,Bronze,15
FIN,Finland,1924,Gold,24
FIN,Finland,1924,Silver,13
FIN,Finland,1924,Bronze,3
FIN,Finland,1924,Gold,4
FIN,Finland,1924,Silver,8
FIN,Finland,1928,Bronze,9
FIN,Finland,1928,Gold,8
FIN,Finland,1928,Silver,8
FIN,Finland,1928,Bronze,1
FIN,Finland,1928,Gold,2
FIN,Finland,1928,Silver,1
FIN,Finland,1932,Bronze,16
FIN,Finland,1932,Gold,5
FIN,Finland,1932,Silver,8
FIN,Finland,1932,Bronze,1
FIN,Finland,1932,Gold,1
FIN,Finland,1932,Silver,1
FIN,Finland,1936,Bronze,13
FIN,Finland,1936,Gold,8
FIN,Finland,1936,Silver,6
FIN,Finland,1936,Bronze,3
FIN,Finland,1936,Gold,4
FIN,Finland,1936,Silver,2
FIN,Finland,1948,Bronze,8
FIN,Finland,1948,Gold,17
FIN,Finland,1948,Silver,8
FIN,Finland,1948,Bronze,2
FIN,Finland,1948,Gold,1
FIN,Finland,1948,Silver,6
FIN,Finland,1952,Bronze,29
FIN,Finland,1952,Gold,8
FIN,Finland,1952,Silver,3
FIN,Finland,1952,Bronze,2
FIN,Finland,1952,Gold,6
FIN,Finland,1952,Silver,4
FIN,Finland,1956,Bronze,22
FIN,Finland,1956,Gold,3
FIN,Finland,1956,Silver,1
FIN,Finland,1956,Bronze,1
FIN,Finland,1956,Gold,5
FIN,Finland,1956,Silver,6
FIN,Finland,1960,Bronze,4
FIN,Finland,1960,Gold,1
FIN,Finland,1960,Silver,1
FIN,Finland,1960,Bronze,5
FIN,Finland,1960,Gold,5
FIN,Finland,1960,Silver,3
FIN,Finland,1964,Bronze,2
FIN,Finland,1964,Gold,3
FIN,Finland,1964,Bronze,5
FIN,Finland,1964,Gold,3
FIN,Finland,1964,Silver,7
FIN,Finland,1968,Bronze,1
FIN,Finland,1968,Gold,1
FIN,Finland,1968,Silver,2
FIN,Finland,1968,Bronze,5
FIN,Finland,1968,Gold,1
FIN,Finland,1968,Silver,2
FIN,Finland,1972,Bronze,6
FIN,Finland,1972,Gold,3
FIN,Finland,1972,Silver,1
FIN,Finland,1972,Bronze,1
FIN,Finland,1972,Silver,9
FIN,Finland,1976,Gold,4
FIN,Finland,1976,Silver,2
FIN,Finland,1976,Bronze,1
FIN,Finland,1976,Gold,5
FIN,Finland,1976,Silver,10
FIN,Finland,1980,Bronze,5
FIN,Finland,1980,Gold,3
FIN,Finland,1980,Silver,1
FIN,Finland,1980,Bronze,6
FIN,Finland,1980,Gold,1
FIN,Finland,1980,Silver,5
FIN,Finland,1984,Bronze,6
FIN,Finland,1984,Gold,4
FIN,Finland,1984,Silver,2
FIN,Finland,1984,Bronze,12
FIN,Finland,1984,Gold,4
FIN,Finland,1984,Silver,3
FIN,Finland,1988,Bronze,2
FIN,Finland,1988,Gold,1
FIN,Finland,1988,Silver,1
FIN,Finland,1988,Bronze,5
FIN,Finland,1988,Gold,7
FIN,Finland,1988,Silver,22
FIN,Finland,1992,Bronze,2
FIN,Finland,1992,Gold,1
FIN,Finland,1992,Silver,4
FIN,Finland,1992,Bronze,6
FIN,Finland,1992,Gold,6
FIN,Finland,1992,Silver,1
FIN,Finland,1994,Bronze,29
FIN,Finland,1994,Silver,1
FIN,Finland,1996,Bronze,1
FIN,Finland,1996,Gold,1
FIN,Finland,1996,Silver,2
FIN,Finland,1998,Bronze,49
FIN,Finland,1998,Gold,2
FIN,Finland,1998,Silver,7
FIN,Finland,2000,Bronze,1
FIN,Finland,2000,Gold,3
FIN,Finland,2000,Silver,1
FIN,Finland,2002,Bronze,1
FIN,Finland,2002,Gold,7
FIN,Finland,2002,Silver,5
FIN,Finland,2004,Silver,2
FIN,Finland,2006,Bronze,7
FIN,Finland,2006,Silver,34
FIN,Finland,2008,Bronze,2
FIN,Finland,2008,Gold,1
FIN,Finland,2008,Silver,2
FIN,Finland,2010,Bronze,46
FIN,Finland,2010,Silver,1
FIN,Finland,2012,Bronze,4
FIN,Finland,2012,Silver,1
FIN,Finland,2014,Bronze,24
FIN,Finland,2014,Gold,2
FIN,Finland,2014,Silver,7
FIN,Finland,2016,Bronze,1
FJI,Fiji,2016,Gold,13
FRA,France,1896,Bronze,2
FRA,France,1896,Gold,5
FRA,France,1896,Silver,4
FRA,France,1900,Bronze,82
FRA,France,1900,Gold,52
FRA,France,1900,Silver,101
FRA,France,1904,Silver,2
FRA,France,1906,Bronze,28
FRA,France,1906,Gold,20
FRA,France,1906,Silver,16
FRA,France,1908,Bronze,23
FRA,France,1908,Gold,12
FRA,France,1908,Silver,5
FRA,France,1912,Bronze,5
FRA,France,1912,Gold,10
FRA,France,1912,Silver,11
FRA,France,1920,Bronze,57
FRA,France,1920,Gold,13
FRA,France,1920,Silver,71
FRA,France,1924,Bronze,22
FRA,France,1924,Gold,37
FRA,France,1924,Silver,51
FRA,France,1924,Bronze,10
FRA,France,1928,Bronze,14
FRA,France,1928,Gold,12
FRA,France,1928,Silver,24
FRA,France,1928,Gold,2
FRA,France,1932,Bronze,6
FRA,France,1932,Gold,26
FRA,France,1932,Silver,8
FRA,France,1932,Gold,2
FRA,France,1936,Bronze,18
FRA,France,1936,Gold,13
FRA,France,1936,Silver,13
FRA,France,1936,Bronze,1
FRA,France,1948,Bronze,24
FRA,France,1948,Gold,26
FRA,France,1948,Silver,22
FRA,France,1948,Bronze,2
FRA,France,1948,Gold,2
FRA,France,1948,Silver,1
FRA,France,1952,Bronze,17
FRA,France,1952,Gold,14
FRA,France,1952,Silver,9
FRA,France,1952,Bronze,1
FRA,France,1956,Bronze,13
FRA,France,1956,Gold,7
FRA,France,1956,Silver,13
FRA,France,1960,Bronze,6
FRA,France,1960,Silver,6
FRA,France,1960,Bronze,2
FRA,France,1960,Gold,1
FRA,France,1964,Bronze,17
FRA,France,1964,Gold,1
FRA,France,1964,Silver,13
FRA,France,1964,Gold,3
FRA,France,1964,Silver,4
FRA,France,1968,Bronze,10
FRA,France,1968,Gold,12
FRA,France,1968,Silver,5
FRA,France,1968,Bronze,2
FRA,France,1968,Gold,4
FRA,France,1968,Silver,3
FRA,France,1972,Bronze,15
FRA,France,1972,Gold,2
FRA,France,1972,Silver,5
FRA,France,1972,Bronze,2
FRA,France,1972,Silver,1
FRA,France,1976,Bronze,8
FRA,France,1976,Gold,5
FRA,France,1976,Silver,7
FRA,France,1976,Bronze,1
FRA,France,1980,Bronze,6
FRA,France,1980,Gold,18
FRA,France,1980,Silver,5
FRA,France,1980,Bronze,1
FRA,France,1984,Bronze,31
FRA,France,1984,Gold,20
FRA,France,1984,Silver,16
FRA,France,1984,Bronze,2
FRA,France,1984,Silver,1
FRA,France,1988,Bronze,13
FRA,France,1988,Gold,12
FRA,France,1988,Silver,4
FRA,France,1988,Bronze,1
FRA,France,1988,Gold,1
FRA,France,1992,Bronze,43
FRA,France,1992,Gold,9
FRA,France,1992,Silver,5
FRA,France,1992,Bronze,1
FRA,France,1992,Gold,5
FRA,France,1992,Silver,6
FRA,France,1994,Bronze,10
FRA,France,1994,Silver,1
FRA,France,1996,Bronze,20
FRA,France,1996,Gold,21
FRA,France,1996,Silver,10
FRA,France,1998,Bronze,12
FRA,France,1998,Gold,2
FRA,France,1998,Silver,1
FRA,France,2000,Bronze,14
FRA,France,2000,Gold,22
FRA,France,2000,Silver,30
FRA,France,2002,Bronze,5
FRA,France,2002,Gold,5
FRA,France,2002,Silver,5
FRA,France,2004,Bronze,22
FRA,France,2004,Gold,21
FRA,France,2004,Silver,10
FRA,France,2006,Bronze,10
FRA,France,2006,Gold,3
FRA,France,2006,Silver,2
FRA,France,2008,Bronze,28
FRA,France,2008,Gold,25
FRA,France,2008,Silver,24
FRA,France,2010,Bronze,6
FRA,France,2010,Gold,2
FRA,France,2010,Silver,6
FRA,France,2012,Bronze,22
FRA,France,2012,Gold,30
FRA,France,2012,Silver,30
FRA,France,2014,Bronze,10
FRA,France,2014,Gold,4
FRA,France,2014,Silver,4
FRA,France,2016,Bronze,21
FRA,France,2016,Gold,20
FRA,France,2016,Silver,55
GAB,Gabon,2012,Silver,1
GBR,United Kingdom,1896,Bronze,3
GBR,United Kingdom,1896,Gold,3
GBR,United Kingdom,1896,Silver,3
GBR,United Kingdom,1900,Bronze,15
GBR,United Kingdom,1900,Gold,59
GBR,United Kingdom,1900,Silver,34
GBR,United Kingdom,1904,Gold,1
GBR,United Kingdom,1904,Silver,1
GBR,United Kingdom,1906,Bronze,8
GBR,United Kingdom,1906,Gold,9
GBR,United Kingdom,1906,Silver,22
GBR,United Kingdom,1908,Bronze,90
GBR,United Kingdom,1908,Gold,147
GBR,United Kingdom,1908,Silver,131
GBR,United Kingdom,1912,Bronze,59
GBR,United Kingdom,1912,Gold,47
GBR,United Kingdom,1912,Silver,64
GBR,United Kingdom,1920,Bronze,17
GBR,United Kingdom,1920,Gold,52
GBR,United Kingdom,1920,Silver,42
GBR,United Kingdom,1924,Bronze,19
GBR,United Kingdom,1924,Gold,15
GBR,United Kingdom,1924,Silver,30
GBR,United Kingdom,1924,Bronze,11
GBR,United Kingdom,1924,Gold,16
GBR,United Kingdom,1924,Silver,4
GBR,United Kingdom,1928,Bronze,24
GBR,United Kingdom,1928,Gold,7
GBR,United Kingdom,1928,Silver,27
GBR,United Kingdom,1928,Bronze,1
GBR,United Kingdom,1932,Bronze,14
GBR,United Kingdom,1932,Gold,9
GBR,United Kingdom,1932,Silver,12
GBR,United Kingdom,1936,Bronze,8
GBR,United Kingdom,1936,Gold,12
GBR,United Kingdom,1936,Silver,16
GBR,United Kingdom,1936,Bronze,4
GBR,United Kingdom,1936,Gold,12
GBR,United Kingdom,1936,Silver,1
GBR,United Kingdom,1948,Bronze,12
GBR,United Kingdom,1948,Gold,7
GBR,United Kingdom,1948,Silver,42
GBR,United Kingdom,1948,Bronze,2
GBR,United Kingdom,1952,Bronze,26
GBR,United Kingdom,1952,Gold,3
GBR,United Kingdom,1952,Silver,2
GBR,United Kingdom,1952,Gold,1
GBR,United Kingdom,1956,Bronze,22
GBR,United Kingdom,1956,Gold,8
GBR,United Kingdom,1956,Silver,16
GBR,United Kingdom,1960,Bronze,15
GBR,United Kingdom,1960,Gold,2
GBR,United Kingdom,1960,Silver,11
GBR,United Kingdom,1964,Bronze,5
GBR,United Kingdom,1964,Gold,4
GBR,United Kingdom,1964,Silver,19
GBR,United Kingdom,1964,Gold,2
GBR,United Kingdom,1968,Bronze,5
GBR,United Kingdom,1968,Gold,9
GBR,United Kingdom,1968,Silver,5
GBR,United Kingdom,1972,Bronze,12
GBR,United Kingdom,1972,Gold,8
GBR,United Kingdom,1972,Silver,9
GBR,United Kingdom,1976,Bronze,11
GBR,United Kingdom,1976,Gold,6
GBR,United Kingdom,1976,Silver,15
GBR,United Kingdom,1976,Gold,1
GBR,United Kingdom,1980,Bronze,24
GBR,United Kingdom,1980,Gold,5
GBR,United Kingdom,1980,Silver,18
GBR,United Kingdom,1980,Gold,1
GBR,United Kingdom,1984,Bronze,42
GBR,United Kingdom,1984,Gold,9
GBR,United Kingdom,1984,Silver,20
GBR,United Kingdom,1984,Gold,2
GBR,United Kingdom,1988,Bronze,15
GBR,United Kingdom,1988,Gold,22
GBR,United Kingdom,1988,Silver,17
GBR,United Kingdom,1992,Bronze,39
GBR,United Kingdom,1992,Gold,8
GBR,United Kingdom,1992,Silver,3
GBR,United Kingdom,1994,Bronze,3
GBR,United Kingdom,1996,Bronze,9
GBR,United Kingdom,1996,Gold,2
GBR,United Kingdom,1996,Silver,15
GBR,United Kingdom,1998,Bronze,4
GBR,United Kingdom,2000,Bronze,12
GBR,United Kingdom,2000,Gold,22
GBR,United Kingdom,2000,Silver,20
GBR,United Kingdom,2002,Bronze,1
GBR,United Kingdom,2002,Gold,5
GBR,United Kingdom,2004,Bronze,15
GBR,United Kingdom,2004,Gold,17
GBR,United Kingdom,2004,Silver,25
GBR,United Kingdom,2006,Silver,1
GBR,United Kingdom,2008,Bronze,25
GBR,United Kingdom,2008,Gold,31
GBR,United Kingdom,2008,Silver,25
GBR,United Kingdom,2010,Gold,1
GBR,United Kingdom,2012,Bronze,48
GBR,United Kingdom,2012,Gold,48
GBR,United Kingdom,2012,Silver,30
GBR,United Kingdom,2014,Bronze,5
GBR,United Kingdom,2014,Gold,1
GBR,United Kingdom,2014,Silver,4
GBR,United Kingdom,2016,Bronze,26
GBR,United Kingdom,2016,Gold,64
GBR,United Kingdom,2016,Silver,55
GEO,Georgia,1996,Bronze,2
GEO,Georgia,2000,Bronze,6
GEO,Georgia,2004,Gold,2
GEO,Georgia,2004,Silver,2
GEO,Georgia,2008,Bronze,3
GEO,Georgia,2008,Gold,3
GEO,Georgia,2012,Bronze,3
GEO,Georgia,2012,Gold,1
GEO,Georgia,2012,Silver,3
GEO,Georgia,2016,Bronze,4
GEO,Georgia,2016,Gold,2
GEO,Georgia,2016,Silver,1
GHA,Ghana,1960,Silver,1
GHA,Ghana,1964,Bronze,1
GHA,Ghana,1972,Bronze,1
GHA,Ghana,1992,Bronze,20
GRC,Greece,1896,Bronze,20
GRC,Greece,1896,Gold,10
GRC,Greece,1896,Silver,18
GRC,Greece,1904,Bronze,1
GRC,Greece,1904,Gold,1
GRC,Greece,1906,Bronze,30
GRC,Greece,1906,Gold,24
GRC,Greece,1906,Silver,48
GRC,Greece,1908,Bronze,1
GRC,Greece,1908,Silver,3
GRC,Greece,1912,Bronze,1
GRC,Greece,1912,Gold,1
GRC,Greece,1920,Silver,5
GRC,Greece,1924,Gold,1
GRC,Greece,1956,Bronze,1
GRC,Greece,1960,Gold,3
GRC,Greece,1968,Bronze,1
GRC,Greece,1972,Silver,2
GRC,Greece,1980,Bronze,4
GRC,Greece,1980,Gold,1
GRC,Greece,1984,Bronze,1
GRC,Greece,1984,Silver,1
GRC,Greece,1988,Bronze,1
GRC,Greece,1992,Gold,2
GRC,Greece,1996,Gold,4
GRC,Greece,1996,Silver,4
GRC,Greece,2000,Bronze,8
GRC,Greece,2000,Gold,4
GRC,Greece,2000,Silver,6
GRC,Greece,2004,Bronze,5
GRC,Greece,2004,Gold,8
GRC,Greece,2004,Silver,18
GRC,Greece,2008,Bronze,4
GRC,Greece,2008,Silver,3
GRC,Greece,2012,Bronze,3
GRC,Greece,2016,Bronze,3
GRC,Greece,2016,Gold,3
GRC,Greece,2016,Silver,1
GRD,Grenada,2012,Gold,1
GRD,Grenada,2016,Silver,1
GTM,Guatemala,2012,Silver,1
GUY,Guyana,1980,Bronze,1
HKG,Hong Kong,1996,Gold,1
HKG,Hong Kong,2004,Silver,2
HKG,Hong Kong,2012,Bronze,1
HRV,Croatia,1992,Bronze,3
HRV,Croatia,1992,Silver,12
HRV,Croatia,1996,Gold,16
HRV,Croatia,1996,Silver,12
HRV,Croatia,2000,Bronze,9
HRV,Croatia,2000,Gold,1
HRV,Croatia,2002,Gold,3
HRV,Croatia,2002,Silver,1
HRV,Croatia,2004,Bronze,3
HRV,Croatia,2004,Gold,15
HRV,Croatia,2004,Silver,3
HRV,Croatia,2006,Gold,1
HRV,Croatia,2006,Silver,2
HRV,Croatia,2008,Bronze,3
HRV,Croatia,2008,Silver,2
HRV,Croatia,2010,Bronze,1
HRV,Croatia,2010,Silver,2
HRV,Croatia,2012,Bronze,16
HRV,Croatia,2012,Gold,15
HRV,Croatia,2012,Silver,4
HRV,Croatia,2014,Silver,1
HRV,Croatia,2016,Bronze,2
HRV,Croatia,2016,Gold,7
HRV,Croatia,2016,Silver,15
HTI,Haiti,1900,Gold,1
HTI,Haiti,1924,Bronze,5
HTI,Haiti,1928,Silver,1
HUN,Hungary,1896,Bronze,3
HUN,Hungary,1896,Gold,2
HUN,Hungary,1896,Silver,1
HUN,Hungary,1900,Bronze,2
HUN,Hungary,1900,Gold,1
HUN,Hungary,1900,Silver,2
HUN,Hungary,1904,Bronze,1
HUN,Hungary,1904,Gold,2
HUN,Hungary,1904,Silver,1
HUN,Hungary,1906,Bronze,3
HUN,Hungary,1906,Gold,5
HUN,Hungary,1906,Silver,5
HUN,Hungary,1908,Bronze,6
HUN,Hungary,1908,Gold,7
HUN,Hungary,1908,Silver,7
HUN,Hungary,1912,Bronze,3
HUN,Hungary,1912,Gold,10
HUN,Hungary,1912,Silver,17
HUN,Hungary,1924,Bronze,8
HUN,Hungary,1924,Gold,2
HUN,Hungary,1924,Silver,12
HUN,Hungary,1928,Gold,10
HUN,Hungary,1928,Silver,11
HUN,Hungary,1932,Bronze,8
HUN,Hungary,1932,Gold,20
HUN,Hungary,1932,Silver,5
HUN,Hungary,1932,Bronze,2
HUN,Hungary,1936,Bronze,15
HUN,Hungary,1936,Gold,25
HUN,Hungary,1936,Silver,1
HUN,Hungary,1936,Bronze,2
HUN,Hungary,1948,Bronze,22
HUN,Hungary,1948,Gold,15
HUN,Hungary,1948,Silver,25
HUN,Hungary,1948,Silver,2
HUN,Hungary,1952,Bronze,32
HUN,Hungary,1952,Gold,53
HUN,Hungary,1952,Silver,17
HUN,Hungary,1952,Bronze,2
HUN,Hungary,1956,Bronze,14
HUN,Hungary,1956,Gold,30
HUN,Hungary,1956,Silver,20
HUN,Hungary,1956,Bronze,2
HUN,Hungary,1960,Bronze,37
HUN,Hungary,1960,Gold,13
HUN,Hungary,1960,Silver,16
HUN,Hungary,1964,Bronze,7
HUN,Hungary,1964,Gold,42
HUN,Hungary,1964,Silver,7
HUN,Hungary,1968,Bronze,29
HUN,Hungary,1968,Gold,32
HUN,Hungary,1968,Silver,20
HUN,Hungary,1972,Bronze,25
HUN,Hungary,1972,Gold,10
HUN,Hungary,1972,Silver,46
HUN,Hungary,1976,Bronze,35
HUN,Hungary,1976,Gold,14
HUN,Hungary,1976,Silver,6
HUN,Hungary,1980,Bronze,40
HUN,Hungary,1980,Gold,8
HUN,Hungary,1980,Silver,13
HUN,Hungary,1980,Silver,2
HUN,Hungary,1988,Bronze,15
HUN,Hungary,1988,Gold,20
HUN,Hungary,1988,Silver,9
HUN,Hungary,1992,Bronze,8
HUN,Hungary,1992,Gold,14
HUN,Hungary,1992,Silver,23
HUN,Hungary,1996,Bronze,26
HUN,Hungary,1996,Gold,8
HUN,Hungary,1996,Silver,9
HUN,Hungary,2000,Bronze,4
HUN,Hungary,2000,Gold,25
HUN,Hungary,2000,Silver,24
HUN,Hungary,2004,Bronze,4
HUN,Hungary,2004,Gold,24
HUN,Hungary,2004,Silver,12
HUN,Hungary,2008,Bronze,3
HUN,Hungary,2008,Gold,16
HUN,Hungary,2008,Silver,8
HUN,Hungary,2012,Bronze,6
HUN,Hungary,2012,Gold,12
HUN,Hungary,2012,Silver,8
HUN,Hungary,2016,Bronze,7
HUN,Hungary,2016,Gold,12
HUN,Hungary,2016,Silver,3
IDN,Indonesia,1988,Silver,3
IDN,Indonesia,1992,Bronze,1
IDN,Indonesia,1992,Gold,2
IDN,Indonesia,1992,Silver,3
IDN,Indonesia,1996,Bronze,3
IDN,Indonesia,1996,Gold,2
IDN,Indonesia,1996,Silver,1
IDN,Indonesia,2000,Bronze,2
IDN,Indonesia,2000,Gold,2
IDN,Indonesia,2000,Silver,4
IDN,Indonesia,2004,Bronze,3
IDN,Indonesia,2004,Gold,1
IDN,Indonesia,2004,Silver,1
IDN,Indonesia,2008,Bronze,3
IDN,Indonesia,2008,Gold,2
IDN,Indonesia,2008,Silver,2
IDN,Indonesia,2012,Bronze,1
IDN,Indonesia,2012,Silver,1
IDN,Indonesia,2016,Gold,2
IDN,Indonesia,2016,Silver,2
IND,India,1900,Silver,2
IND,India,1924,Gold,7
IND,India,1928,Gold,14
IND,India,1932,Gold,15
IND,India,1936,Gold,19
IND,India,1948,Gold,20
IND,India,1952,Bronze,1
IND,India,1952,Gold,14
IND,India,1956,Gold,17
IND,India,1960,Silver,13
IND,India,1964,Gold,15
IND,India,1968,Bronze,16
IND,India,1972,Bronze,14
IND,India,1980,Gold,16
IND,India,1996,Bronze,1
IND,India,2000,Bronze,1
IND,India,2004,Silver,1
IND,India,2008,Bronze,2
IND,India,2008,Gold,1
IND,India,2012,Bronze,4
IND,India,2012,Silver,2
IND,India,2016,Bronze,1
IND,India,2016,Silver,1
IRL,Ireland,1924,Bronze,1
IRL,Ireland,1924,Silver,1
IRL,Ireland,1928,Gold,1
IRL,Ireland,1932,Gold,2
IRL,Ireland,1948,Bronze,1
IRL,Ireland,1952,Silver,1
IRL,Ireland,1956,Bronze,3
IRL,Ireland,1956,Gold,1
IRL,Ireland,1956,Silver,1
IRL,Ireland,1964,Bronze,1
IRL,Ireland,1980,Bronze,1
IRL,Ireland,1980,Silver,2
IRL,Ireland,1984,Silver,1
IRL,Ireland,1992,Gold,1
IRL,Ireland,1992,Silver,1
IRL,Ireland,1996,Bronze,1
IRL,Ireland,1996,Gold,3
IRL,Ireland,2000,Silver,1
IRL,Ireland,2008,Bronze,2
IRL,Ireland,2008,Silver,1
IRL,Ireland,2012,Bronze,3
IRL,Ireland,2012,Gold,1
IRL,Ireland,2012,Silver,1
IRL,Ireland,2016,Silver,3
IRN,Iran,1948,Bronze,1
IRN,Iran,1952,Bronze,4
IRN,Iran,1952,Silver,3
IRN,Iran,1956,Bronze,1
IRN,Iran,1956,Gold,2
IRN,Iran,1956,Silver,2
IRN,Iran,1960,Bronze,3
IRN,Iran,1960,Silver,1
IRN,Iran,1964,Bronze,2
IRN,Iran,1968,Bronze,2
IRN,Iran,1968,Gold,2
IRN,Iran,1968,Silver,1
IRN,Iran,1972,Bronze,1
IRN,Iran,1972,Silver,2
IRN,Iran,1976,Bronze,1
IRN,Iran,1976,Silver,1
IRN,Iran,1988,Silver,1
IRN,Iran,1992,Bronze,2
IRN,Iran,1992,Silver,1
IRN,Iran,1996,Bronze,1
IRN,Iran,1996,Gold,1
IRN,Iran,1996,Silver,1
IRN,Iran,2000,Bronze,1
IRN,Iran,2000,Gold,3
IRN,Iran,2004,Bronze,2
IRN,Iran,2004,Gold,2
IRN,Iran,2004,Silver,2
IRN,Iran,2008,Bronze,1
IRN,Iran,2008,Gold,1
IRN,Iran,2012,Bronze,3
IRN,Iran,2012,Gold,4
IRN,Iran,2012,Silver,5
IRN,Iran,2016,Bronze,4
IRN,Iran,2016,Gold,3
IRN,Iran,2016,Silver,1
IRQ,Iraq,1960,Bronze,1
ISL,Iceland,1956,Silver,1
ISL,Iceland,1984,Bronze,1
ISL,Iceland,2000,Bronze,1
ISL,Iceland,2008,Silver,14
ISR,Israel,1992,Bronze,1
ISR,Israel,1992,Silver,1
ISR,Israel,1996,Bronze,1
ISR,Israel,2000,Bronze,1
ISR,Israel,2004,Bronze,1
ISR,Israel,2004,Gold,1
ISR,Israel,2008,Bronze,1
ISR,Israel,2016,Bronze,2
ITA,Italy,1900,Gold,3
ITA,Italy,1900,Silver,2
ITA,Italy,1906,Bronze,27
ITA,Italy,1906,Gold,21
ITA,Italy,1906,Silver,8
ITA,Italy,1908,Gold,2
ITA,Italy,1908,Silver,6
ITA,Italy,1912,Bronze,2
ITA,Italy,1912,Gold,22
ITA,Italy,1912,Silver,1
ITA,Italy,1920,Bronze,8
ITA,Italy,1920,Gold,67
ITA,Italy,1920,Silver,9
ITA,Italy,1924,Bronze,21
ITA,Italy,1924,Gold,25
ITA,Italy,1924,Silver,5
ITA,Italy,1928,Bronze,26
ITA,Italy,1928,Gold,24
ITA,Italy,1928,Silver,22
ITA,Italy,1932,Bronze,18
ITA,Italy,1932,Gold,21
ITA,Italy,1932,Silver,38
ITA,Italy,1936,Bronze,5
ITA,Italy,1936,Gold,37
ITA,Italy,1936,Silver,34
ITA,Italy,1948,Bronze,14
ITA,Italy,1948,Gold,21
ITA,Italy,1948,Silver,32
ITA,Italy,1948,Gold,1
ITA,Italy,1952,Bronze,15
ITA,Italy,1952,Gold,17
ITA,Italy,1952,Silver,22
ITA,Italy,1952,Bronze,1
ITA,Italy,1952,Gold,1
ITA,Italy,1956,Bronze,10
ITA,Italy,1956,Gold,26
ITA,Italy,1956,Silver,11
ITA,Italy,1956,Gold,2
ITA,Italy,1956,Silver,6
ITA,Italy,1960,Bronze,34
ITA,Italy,1960,Gold,36
ITA,Italy,1960,Silver,18
ITA,Italy,1960,Bronze,1
ITA,Italy,1964,Bronze,9
ITA,Italy,1964,Gold,14
ITA,Italy,1964,Silver,28
ITA,Italy,1964,Bronze,8
ITA,Italy,1964,Silver,2
ITA,Italy,1968,Bronze,20
ITA,Italy,1968,Gold,5
ITA,Italy,1968,Silver,8
ITA,Italy,1968,Gold,8
ITA,Italy,1972,Bronze,13
ITA,Italy,1972,Gold,9
ITA,Italy,1972,Silver,3
ITA,Italy,1972,Bronze,1
ITA,Italy,1972,Gold,3
ITA,Italy,1972,Silver,5
ITA,Italy,1976,Bronze,4
ITA,Italy,1976,Gold,2
ITA,Italy,1976,Silver,25
ITA,Italy,1976,Bronze,1
ITA,Italy,1976,Gold,1
ITA,Italy,1976,Silver,2
ITA,Italy,1980,Bronze,8
ITA,Italy,1980,Gold,8
ITA,Italy,1980,Silver,21
ITA,Italy,1980,Silver,3
ITA,Italy,1984,Bronze,28
ITA,Italy,1984,Gold,29
ITA,Italy,1984,Silver,6
ITA,Italy,1984,Gold,2
ITA,Italy,1988,Bronze,8
ITA,Italy,1988,Gold,11
ITA,Italy,1988,Silver,10
ITA,Italy,1988,Bronze,5
ITA,Italy,1988,Gold,2
ITA,Italy,1988,Silver,1
ITA,Italy,1992,Bronze,14
ITA,Italy,1992,Gold,21
ITA,Italy,1992,Silver,10
ITA,Italy,1992,Bronze,8
ITA,Italy,1992,Gold,4
ITA,Italy,1992,Silver,9
ITA,Italy,1994,Bronze,12
ITA,Italy,1994,Gold,14
ITA,Italy,1994,Silver,6
ITA,Italy,1996,Bronze,28
ITA,Italy,1996,Gold,19
ITA,Italy,1996,Silver,24
ITA,Italy,1998,Bronze,5
ITA,Italy,1998,Gold,3
ITA,Italy,1998,Silver,9
ITA,Italy,2000,Bronze,29
ITA,Italy,2000,Gold,22
ITA,Italy,2000,Silver,14
ITA,Italy,2002,Bronze,6
ITA,Italy,2002,Gold,4
ITA,Italy,2002,Silver,11
ITA,Italy,2004,Bronze,39
ITA,Italy,2004,Gold,24
ITA,Italy,2004,Silver,41
ITA,Italy,2006,Bronze,14
ITA,Italy,2006,Gold,11
ITA,Italy,2008,Bronze,20
ITA,Italy,2008,Gold,8
ITA,Italy,2008,Silver,14
ITA,Italy,2010,Bronze,3
ITA,Italy,2010,Gold,1
ITA,Italy,2010,Silver,1
ITA,Italy,2012,Bronze,30
ITA,Italy,2012,Gold,16
ITA,Italy,2012,Silver,22
ITA,Italy,2014,Bronze,12
ITA,Italy,2014,Silver,2
ITA,Italy,2016,Bronze,24
ITA,Italy,2016,Gold,8
ITA,Italy,2016,Silver,40
JAM,Jamaica,1948,Gold,1
JAM,Jamaica,1948,Silver,2
JAM,Jamaica,1952,Gold,5
JAM,Jamaica,1952,Silver,3
JAM,Jamaica,1968,Silver,1
JAM,Jamaica,1972,Bronze,1
JAM,Jamaica,1976,Gold,1
JAM,Jamaica,1976,Silver,1
JAM,Jamaica,1980,Bronze,3
JAM,Jamaica,1984,Bronze,2
JAM,Jamaica,1984,Silver,5
JAM,Jamaica,1988,Silver,7
JAM,Jamaica,1992,Bronze,1
JAM,Jamaica,1992,Silver,3
JAM,Jamaica,1996,Bronze,12
JAM,Jamaica,1996,Gold,1
JAM,Jamaica,1996,Silver,3
JAM,Jamaica,2000,Bronze,3
JAM,Jamaica,2000,Silver,20
JAM,Jamaica,2004,Bronze,6
JAM,Jamaica,2004,Gold,6
JAM,Jamaica,2004,Silver,1
JAM,Jamaica,2008,Bronze,6
JAM,Jamaica,2008,Gold,5
JAM,Jamaica,2008,Silver,3
JAM,Jamaica,2012,Bronze,8
JAM,Jamaica,2012,Gold,8
JAM,Jamaica,2012,Silver,9
JAM,Jamaica,2016,Bronze,2
JAM,Jamaica,2016,Gold,11
JAM,Jamaica,2016,Silver,17
JOR,Jordan,2016,Gold,1
JPN,Japan,1920,Silver,3
JPN,Japan,1924,Bronze,1
JPN,Japan,1928,Bronze,1
JPN,Japan,1928,Gold,2
JPN,Japan,1928,Silver,6
JPN,Japan,1932,Bronze,4
JPN,Japan,1932,Gold,10
JPN,Japan,1932,Silver,17
JPN,Japan,1936,Bronze,10
JPN,Japan,1936,Gold,9
JPN,Japan,1936,Silver,4
JPN,Japan,1952,Bronze,2
JPN,Japan,1952,Gold,1
JPN,Japan,1952,Silver,9
JPN,Japan,1956,Bronze,5
JPN,Japan,1956,Gold,4
JPN,Japan,1956,Silver,15
JPN,Japan,1956,Silver,1
JPN,Japan,1960,Bronze,12
JPN,Japan,1960,Gold,9
JPN,Japan,1960,Silver,10
JPN,Japan,1964,Bronze,25
JPN,Japan,1964,Gold,32
JPN,Japan,1964,Silver,5
JPN,Japan,1968,Bronze,22
JPN,Japan,1968,Gold,16
JPN,Japan,1968,Silver,25
JPN,Japan,1972,Bronze,8
JPN,Japan,1972,Gold,29
JPN,Japan,1972,Silver,19
JPN,Japan,1972,Bronze,1
JPN,Japan,1972,Gold,1
JPN,Japan,1972,Silver,1
JPN,Japan,1976,Bronze,10
JPN,Japan,1976,Gold,25
JPN,Japan,1976,Silver,6
JPN,Japan,1980,Silver,1
JPN,Japan,1984,Bronze,31
JPN,Japan,1984,Gold,10
JPN,Japan,1984,Silver,8
JPN,Japan,1984,Silver,1
JPN,Japan,1988,Bronze,13
JPN,Japan,1988,Gold,4
JPN,Japan,1988,Silver,3
JPN,Japan,1988,Bronze,1
JPN,Japan,1992,Bronze,36
JPN,Japan,1992,Gold,3
JPN,Japan,1992,Silver,8
JPN,Japan,1992,Bronze,7
JPN,Japan,1992,Gold,3
JPN,Japan,1992,Silver,2
JPN,Japan,1994,Bronze,2
JPN,Japan,1994,Gold,3
JPN,Japan,1994,Silver,5
JPN,Japan,1996,Bronze,13
JPN,Japan,1996,Gold,3
JPN,Japan,1996,Silver,26
JPN,Japan,1998,Bronze,4
JPN,Japan,1998,Gold,8
JPN,Japan,1998,Silver,1
JPN,Japan,2000,Bronze,8
JPN,Japan,2000,Gold,5
JPN,Japan,2000,Silver,31
JPN,Japan,2002,Bronze,1
JPN,Japan,2002,Silver,1
JPN,Japan,2004,Bronze,52
JPN,Japan,2004,Gold,21
JPN,Japan,2004,Silver,20
JPN,Japan,2006,Gold,1
JPN,Japan,2008,Bronze,13
JPN,Japan,2008,Gold,23
JPN,Japan,2008,Silver,15
JPN,Japan,2010,Bronze,2
JPN,Japan,2010,Silver,5
JPN,Japan,2012,Bronze,33
JPN,Japan,2012,Gold,7
JPN,Japan,2012,Silver,44
JPN,Japan,2014,Bronze,6
JPN,Japan,2014,Gold,1
JPN,Japan,2014,Silver,4
JPN,Japan,2016,Bronze,34
JPN,Japan,2016,Gold,17
JPN,Japan,2016,Silver,13
KAZ,Kazakhstan,1994,Gold,1
KAZ,Kazakhstan,1994,Silver,2
KAZ,Kazakhstan,1996,Bronze,4
KAZ,Kazakhstan,1996,Gold,3
KAZ,Kazakhstan,1996,Silver,4
KAZ,Kazakhstan,1998,Bronze,2
KAZ,Kazakhstan,2000,Gold,3
KAZ,Kazakhstan,2000,Silver,4
KAZ,Kazakhstan,2004,Bronze,3
KAZ,Kazakhstan,2004,Gold,1
KAZ,Kazakhstan,2004,Silver,4
KAZ,Kazakhstan,2008,Bronze,7
KAZ,Kazakhstan,2008,Gold,2
KAZ,Kazakhstan,2008,Silver,4
KAZ,Kazakhstan,2010,Silver,1
KAZ,Kazakhstan,2012,Bronze,5
KAZ,Kazakhstan,2012,Gold,7
KAZ,Kazakhstan,2012,Silver,1
KAZ,Kazakhstan,2014,Bronze,1
KAZ,Kazakhstan,2016,Bronze,10
KAZ,Kazakhstan,2016,Gold,3
KAZ,Kazakhstan,2016,Silver,5
KEN,Kenya,1964,Bronze,1
KEN,Kenya,1968,Bronze,2
KEN,Kenya,1968,Gold,3
KEN,Kenya,1968,Silver,7
KEN,Kenya,1972,Bronze,4
KEN,Kenya,1972,Gold,5
KEN,Kenya,1972,Silver,3
KEN,Kenya,1984,Bronze,2
KEN,Kenya,1984,Gold,1
KEN,Kenya,1988,Bronze,2
KEN,Kenya,1988,Gold,5
KEN,Kenya,1988,Silver,2
KEN,Kenya,1992,Bronze,2
KEN,Kenya,1992,Gold,2
KEN,Kenya,1992,Silver,4
KEN,Kenya,1996,Bronze,3
KEN,Kenya,1996,Gold,1
KEN,Kenya,1996,Silver,4
KEN,Kenya,2000,Bronze,2
KEN,Kenya,2000,Gold,2
KEN,Kenya,2000,Silver,3
KEN,Kenya,2004,Bronze,2
KEN,Kenya,2004,Gold,1
KEN,Kenya,2004,Silver,4
KEN,Kenya,2008,Bronze,5
KEN,Kenya,2008,Gold,6
KEN,Kenya,2008,Silver,4
KEN,Kenya,2012,Bronze,5
KEN,Kenya,2012,Gold,2
KEN,Kenya,2012,Silver,4
KEN,Kenya,2016,Bronze,1
KEN,Kenya,2016,Gold,6
KEN,Kenya,2016,Silver,6
KGZ,Kyrgyzstan,2000,Bronze,1
KGZ,Kyrgyzstan,2008,Bronze,1
KGZ,Kyrgyzstan,2008,Silver,1
KOR,South Korea,1948,Bronze,2
KOR,South Korea,1952,Bronze,2
KOR,South Korea,1956,Bronze,1
KOR,South Korea,1956,Silver,1
KOR,South Korea,1964,Bronze,1
KOR,South Korea,1964,Silver,2
KOR,South Korea,1968,Bronze,1
KOR,South Korea,1968,Silver,1
KOR,South Korea,1972,Silver,1
KOR,South Korea,1976,Bronze,15
KOR,South Korea,1976,Gold,1
KOR,South Korea,1976,Silver,1
KOR,South Korea,1984,Bronze,7
KOR,South Korea,1984,Gold,6
KOR,South Korea,1984,Silver,28
KOR,South Korea,1988,Bronze,12
KOR,South Korea,1988,Gold,28
KOR,South Korea,1988,Silver,37
KOR,South Korea,1992,Bronze,16
KOR,South Korea,1992,Gold,28
KOR,South Korea,1992,Silver,5
KOR,South Korea,1992,Bronze,1
KOR,South Korea,1992,Gold,5
KOR,South Korea,1992,Silver,1
KOR,South Korea,1994,Bronze,1
KOR,South Korea,1994,Gold,7
KOR,South Korea,1994,Silver,1
KOR,South Korea,1996,Bronze,7
KOR,South Korea,1996,Gold,10
KOR,South Korea,1996,Silver,49
KOR,South Korea,1998,Bronze,2
KOR,South Korea,1998,Gold,6
KOR,South Korea,1998,Silver,4
KOR,South Korea,2000,Bronze,35
KOR,South Korea,2000,Gold,12
KOR,South Korea,2000,Silver,26
KOR,South Korea,2002,Gold,5
KOR,South Korea,2002,Silver,2
KOR,South Korea,2004,Bronze,10
KOR,South Korea,2004,Gold,14
KOR,South Korea,2004,Silver,28
KOR,South Korea,2006,Bronze,2
KOR,South Korea,2006,Gold,14
KOR,South Korea,2006,Silver,3
KOR,South Korea,2008,Bronze,26
KOR,South Korea,2008,Gold,41
KOR,South Korea,2008,Silver,11
KOR,South Korea,2010,Bronze,2
KOR,South Korea,2010,Gold,6
KOR,South Korea,2010,Silver,10
KOR,South Korea,2012,Bronze,30
KOR,South Korea,2012,Gold,18
KOR,South Korea,2012,Silver,13
KOR,South Korea,2014,Bronze,2
KOR,South Korea,2014,Gold,7
KOR,South Korea,2014,Silver,5
KOR,South Korea,2016,Bronze,10
KOR,South Korea,2016,Gold,13
KOR,South Korea,2016,Silver,3
KWT,Kuwait,2000,Bronze,1
KWT,Kuwait,2012,Bronze,1
LIE,Liechtenstein,1976,Bronze,2
LIE,Liechtenstein,1980,Gold,2
LIE,Liechtenstein,1980,Silver,2
LIE,Liechtenstein,1984,Bronze,2
LIE,Liechtenstein,1988,Bronze,1
LKA,Sri Lanka,1948,Silver,1
LKA,Sri Lanka,2000,Silver,1
LTU,Lithuania,1992,Bronze,12
LTU,Lithuania,1992,Gold,1
LTU,Lithuania,1996,Bronze,11
LTU,Lithuania,2000,Bronze,15
LTU,Lithuania,2000,Gold,2
LTU,Lithuania,2004,Gold,1
LTU,Lithuania,2004,Silver,2
LTU,Lithuania,2008,Bronze,3
LTU,Lithuania,2008,Silver,2
LTU,Lithuania,2012,Bronze,2
LTU,Lithuania,2012,Gold,2
LTU,Lithuania,2012,Silver,1
LTU,Lithuania,2016,Bronze,5
LTU,Lithuania,2016,Silver,2
LUX,Luxembourg,1900,Gold,1
LUX,Luxembourg,1920,Silver,1
LUX,Luxembourg,1924,Gold,1
LUX,Luxembourg,1924,Silver,1
LUX,Luxembourg,1928,Gold,1
LUX,Luxembourg,1952,Gold,1
LUX,Luxembourg,1992,Silver,2
LVA,Latvia,1932,Silver,1
LVA,Latvia,1936,Bronze,1
LVA,Latvia,1936,Silver,1
LVA,Latvia,1992,Bronze,1
LVA,Latvia,1992,Silver,2
LVA,Latvia,1996,Silver,1
LVA,Latvia,2000,Bronze,1
LVA,Latvia,2000,Gold,1
LVA,Latvia,2000,Silver,1
LVA,Latvia,2004,Silver,4
LVA,Latvia,2006,Bronze,1
LVA,Latvia,2008,Bronze,1
LVA,Latvia,2008,Gold,1
LVA,Latvia,2008,Silver,1
LVA,Latvia,2010,Silver,3
LVA,Latvia,2012,Bronze,2
LVA,Latvia,2012,Gold,1
LVA,Latvia,2014,Bronze,6
LVA,Latvia,2014,Silver,5
MAR,Morocco,1960,Silver,1
MAR,Morocco,1984,Gold,2
MAR,Morocco,1988,Bronze,2
MAR,Morocco,1988,Gold,1
MAR,Morocco,1992,Bronze,1
MAR,Morocco,1992,Gold,1
MAR,Morocco,1992,Silver,1
MAR,Morocco,1996,Bronze,2
MAR,Morocco,2000,Bronze,4
MAR,Morocco,2000,Silver,1
MAR,Morocco,2004,Gold,2
MAR,Morocco,2004,Silver,1
MAR,Morocco,2008,Bronze,1
MAR,Morocco,2008,Silver,1
MAR,Morocco,2012,Bronze,1
MAR,Morocco,2016,Bronze,1
MCO,Monaco,1924,Bronze,1
MDA,Moldova,1996,Bronze,1
MDA,Moldova,1996,Silver,2
MDA,Moldova,2000,Bronze,1
MDA,Moldova,2000,Silver,1
MDA,Moldova,2008,Bronze,1
MDA,Moldova,2012,Bronze,2
MEX,Mexico,1900,Bronze,3
MEX,Mexico,1932,Silver,2
MEX,Mexico,1936,Bronze,16
MEX,Mexico,1948,Bronze,4
MEX,Mexico,1948,Gold,4
MEX,Mexico,1948,Silver,1
MEX,Mexico,1952,Silver,1
MEX,Mexico,1956,Bronze,1
MEX,Mexico,1956,Gold,1
MEX,Mexico,1960,Bronze,1
MEX,Mexico,1964,Bronze,1
MEX,Mexico,1968,Bronze,3
MEX,Mexico,1968,Gold,3
MEX,Mexico,1968,Silver,3
MEX,Mexico,1972,Silver,1
MEX,Mexico,1976,Bronze,1
MEX,Mexico,1976,Gold,1
MEX,Mexico,1980,Bronze,9
MEX,Mexico,1980,Silver,1
MEX,Mexico,1984,Bronze,1
MEX,Mexico,1984,Gold,2
MEX,Mexico,1984,Silver,3
MEX,Mexico,1988,Bronze,2
MEX,Mexico,1992,Silver,1
MEX,Mexico,1996,Bronze,1
MEX,Mexico,2000,Bronze,3
MEX,Mexico,2000,Gold,1
MEX,Mexico,2000,Silver,2
MEX,Mexico,2004,Bronze,1
MEX,Mexico,2004,Silver,3
MEX,Mexico,2008,Bronze,2
MEX,Mexico,2008,Gold,2
MEX,Mexico,2012,Bronze,3
MEX,Mexico,2012,Gold,16
MEX,Mexico,2012,Silver,5
MEX,Mexico,2016,Bronze,2
MEX,Mexico,2016,Silver,3
MKD,Macedonia,2000,Bronze,1
MNE,Montenegro,2012,Silver,14
MNG,Mongolia,1968,Bronze,3
MNG,Mongolia,1968,Silver,1
MNG,Mongolia,1972,Silver,1
MNG,Mongolia,1976,Silver,1
MNG,Mongolia,1980,Bronze,2
MNG,Mongolia,1980,Silver,2
MNG,Mongolia,1988,Bronze,1
MNG,Mongolia,1992,Bronze,2
MNG,Mongolia,1996,Bronze,1
MNG,Mongolia,2004,Bronze,1
MNG,Mongolia,2008,Gold,2
MNG,Mongolia,2008,Silver,2
MNG,Mongolia,2012,Bronze,3
MNG,Mongolia,2012,Silver,2
MNG,Mongolia,2016,Bronze,1
MNG,Mongolia,2016,Silver,1
MOZ,Mozambique,1996,Bronze,1
MOZ,Mozambique,2000,Gold,1
MUS,Mauritius,2008,Bronze,1
MYS,Malaysia,1992,Bronze,2
MYS,Malaysia,1996,Bronze,1
MYS,Malaysia,1996,Silver,2
MYS,Malaysia,2008,Silver,1
MYS,Malaysia,2012,Bronze,1
MYS,Malaysia,2012,Silver,1
MYS,Malaysia,2016,Bronze,1
MYS,Malaysia,2016,Silver,7
NAM,Namibia,1992,Silver,2
NAM,Namibia,1996,Silver,2
NER,Niger,1972,Bronze,1
NER,Niger,2016,Silver,1
NGA,Nigeria,1964,Bronze,1
NGA,Nigeria,1972,Bronze,1
NGA,Nigeria,1984,Bronze,4
NGA,Nigeria,1984,Silver,1
NGA,Nigeria,1992,Bronze,4
NGA,Nigeria,1992,Silver,7
NGA,Nigeria,1996,Bronze,3
NGA,Nigeria,1996,Gold,17
NGA,Nigeria,1996,Silver,4
NGA,Nigeria,2000,Gold,6
NGA,Nigeria,2000,Silver,2
NGA,Nigeria,2004,Bronze,8
NGA,Nigeria,2008,Bronze,7
NGA,Nigeria,2008,Silver,16
NGA,Nigeria,2016,Bronze,18
NLD,Netherlands,1900,Bronze,16
NLD,Netherlands,1900,Gold,3
NLD,Netherlands,1900,Silver,8
NLD,Netherlands,1906,Bronze,5
NLD,Netherlands,1906,Silver,1
NLD,Netherlands,1908,Bronze,16
NLD,Netherlands,1912,Bronze,26
NLD,Netherlands,1920,Bronze,25
NLD,Netherlands,1920,Gold,15
NLD,Netherlands,1920,Silver,10
NLD,Netherlands,1924,Bronze,18
NLD,Netherlands,1924,Gold,8
NLD,Netherlands,1924,Silver,1
NLD,Netherlands,1928,Bronze,8
NLD,Netherlands,1928,Gold,20
NLD,Netherlands,1928,Silver,29
NLD,Netherlands,1932,Bronze,1
NLD,Netherlands,1932,Gold,2
NLD,Netherlands,1932,Silver,10
NLD,Netherlands,1936,Bronze,21
NLD,Netherlands,1936,Gold,9
NLD,Netherlands,1936,Silver,7
NLD,Netherlands,1948,Bronze,32
NLD,Netherlands,1948,Gold,8
NLD,Netherlands,1948,Silver,2
NLD,Netherlands,1952,Silver,18
NLD,Netherlands,1952,Silver,3
NLD,Netherlands,1960,Bronze,2
NLD,Netherlands,1960,Silver,1
NLD,Netherlands,1960,Bronze,1
NLD,Netherlands,1960,Silver,1
NLD,Netherlands,1964,Bronze,16
NLD,Netherlands,1964,Gold,5
NLD,Netherlands,1964,Silver,10
NLD,Netherlands,1964,Gold,1
NLD,Netherlands,1964,Silver,1
NLD,Netherlands,1968,Bronze,1
NLD,Netherlands,1968,Gold,6
NLD,Netherlands,1968,Silver,7
NLD,Netherlands,1968,Bronze,3
NLD,Netherlands,1968,Gold,3
NLD,Netherlands,1968,Silver,3
NLD,Netherlands,1972,Bronze,2
NLD,Netherlands,1972,Gold,3
NLD,Netherlands,1972,Silver,1
NLD,Netherlands,1972,Bronze,2
NLD,Netherlands,1972,Gold,4
NLD,Netherlands,1972,Silver,3
NLD,Netherlands,1976,Bronze,12
NLD,Netherlands,1976,Silver,2
NLD,Netherlands,1976,Bronze,3
NLD,Netherlands,1976,Gold,1
NLD,Netherlands,1976,Silver,2
NLD,Netherlands,1980,Bronze,5
NLD,Netherlands,1980,Silver,1
NLD,Netherlands,1980,Bronze,1
NLD,Netherlands,1980,Gold,1
NLD,Netherlands,1980,Silver,2
NLD,Netherlands,1984,Bronze,14
NLD,Netherlands,1984,Gold,20
NLD,Netherlands,1984,Silver,7
NLD,Netherlands,1988,Bronze,36
NLD,Netherlands,1988,Gold,3
NLD,Netherlands,1988,Silver,6
NLD,Netherlands,1988,Bronze,2
NLD,Netherlands,1988,Gold,3
NLD,Netherlands,1988,Silver,2
NLD,Netherlands,1992,Bronze,8
NLD,Netherlands,1992,Gold,5
NLD,Netherlands,1992,Silver,20
NLD,Netherlands,1992,Bronze,2
NLD,Netherlands,1992,Gold,1
NLD,Netherlands,1992,Silver,1
NLD,Netherlands,1994,Bronze,3
NLD,Netherlands,1994,Silver,1
NLD,Netherlands,1996,Bronze,26
NLD,Netherlands,1996,Gold,38
NLD,Netherlands,1996,Silver,9
NLD,Netherlands,1998,Bronze,2
NLD,Netherlands,1998,Gold,5
NLD,Netherlands,1998,Silver,4
NLD,Netherlands,2000,Bronze,23
NLD,Netherlands,2000,Gold,27
NLD,Netherlands,2000,Silver,29
NLD,Netherlands,2002,Gold,3
NLD,Netherlands,2002,Silver,5
NLD,Netherlands,2004,Bronze,22
NLD,Netherlands,2004,Gold,4
NLD,Netherlands,2004,Silver,51
NLD,Netherlands,2006,Bronze,8
NLD,Netherlands,2006,Gold,3
NLD,Netherlands,2006,Silver,2
NLD,Netherlands,2008,Bronze,4
NLD,Netherlands,2008,Gold,39
NLD,Netherlands,2008,Silver,18
NLD,Netherlands,2010,Bronze,6
NLD,Netherlands,2010,Gold,4
NLD,Netherlands,2010,Silver,1
NLD,Netherlands,2012,Bronze,19
NLD,Netherlands,2012,Gold,21
NLD,Netherlands,2012,Silver,29
NLD,Netherlands,2014,Bronze,9
NLD,Netherlands,2014,Gold,13
NLD,Netherlands,2014,Silver,7
NLD,Netherlands,2016,Bronze,13
NLD,Netherlands,2016,Gold,9
NLD,Netherlands,2016,Silver,25
NOR,Norway,1900,Bronze,3
NOR,Norway,1900,Silver,6
NOR,Norway,1904,Gold,2
NOR,Norway,1906,Gold,20
NOR,Norway,1906,Silver,5
NOR,Norway,1908,Bronze,3
NOR,Norway,1908,Gold,7
NOR,Norway,1908,Silver,32
NOR,Norway,1912,Bronze,34
NOR,Norway,1912,Gold,40
NOR,Norway,1912,Silver,6
NOR,Norway,1920,Bronze,27
NOR,Norway,1920,Gold,58
NOR,Norway,1920,Silver,52
NOR,Norway,1924,Bronze,3
NOR,Norway,1924,Gold,14
NOR,Norway,1924,Silver,5
NOR,Norway,1924,Bronze,6
NOR,Norway,1924,Gold,4
NOR,Norway,1924,Silver,7
NOR,Norway,1928,Bronze,1
NOR,Norway,1928,Gold,4
NOR,Norway,1928,Silver,4
NOR,Norway,1928,Bronze,5
NOR,Norway,1928,Gold,6
NOR,Norway,1928,Silver,4
NOR,Norway,1932,Bronze,3
NOR,Norway,1932,Gold,3
NOR,Norway,1932,Silver,4
NOR,Norway,1936,Bronze,15
NOR,Norway,1936,Gold,1
NOR,Norway,1936,Silver,12
NOR,Norway,1936,Bronze,3
NOR,Norway,1936,Gold,7
NOR,Norway,1936,Silver,8
NOR,Norway,1948,Bronze,11
NOR,Norway,1948,Gold,3
NOR,Norway,1948,Silver,4
NOR,Norway,1948,Bronze,6
NOR,Norway,1948,Gold,4
NOR,Norway,1948,Silver,3
NOR,Norway,1952,Gold,5
NOR,Norway,1952,Silver,8
NOR,Norway,1952,Bronze,6
NOR,Norway,1952,Gold,7
NOR,Norway,1952,Silver,6
NOR,Norway,1956,Bronze,2
NOR,Norway,1956,Gold,1
NOR,Norway,1956,Bronze,1
NOR,Norway,1956,Gold,2
NOR,Norway,1956,Silver,1
NOR,Norway,1960,Gold,2
NOR,Norway,1960,Gold,3
NOR,Norway,1960,Silver,6
NOR,Norway,1964,Bronze,6
NOR,Norway,1964,Gold,3
NOR,Norway,1964,Silver,6
NOR,Norway,1968,Gold,4
NOR,Norway,1968,Silver,2
NOR,Norway,1968,Bronze,2
NOR,Norway,1968,Gold,11
NOR,Norway,1968,Silver,9
NOR,Norway,1972,Bronze,4
NOR,Norway,1972,Gold,2
NOR,Norway,1972,Silver,2
NOR,Norway,1972,Bronze,7
NOR,Norway,1972,Gold,2
NOR,Norway,1972,Silver,8
NOR,Norway,1976,Gold,2
NOR,Norway,1976,Silver,4
NOR,Norway,1976,Bronze,1
NOR,Norway,1976,Gold,3
NOR,Norway,1976,Silver,6
NOR,Norway,1980,Bronze,9
NOR,Norway,1980,Gold,1
NOR,Norway,1980,Silver,5
NOR,Norway,1984,Bronze,3
NOR,Norway,1984,Silver,1
NOR,Norway,1984,Bronze,4
NOR,Norway,1984,Gold,6
NOR,Norway,1984,Silver,5
NOR,Norway,1988,Gold,2
NOR,Norway,1988,Silver,20
NOR,Norway,1988,Bronze,5
NOR,Norway,1988,Silver,6
NOR,Norway,1992,Bronze,1
NOR,Norway,1992,Gold,2
NOR,Norway,1992,Silver,20
NOR,Norway,1992,Bronze,5
NOR,Norway,1992,Gold,9
NOR,Norway,1992,Silver,10
NOR,Norway,1994,Bronze,5
NOR,Norway,1994,Gold,8
NOR,Norway,1994,Silver,17
NOR,Norway,1996,Bronze,18
NOR,Norway,1996,Gold,2
NOR,Norway,1996,Silver,3
NOR,Norway,1998,Bronze,12
NOR,Norway,1998,Gold,13
NOR,Norway,1998,Silver,15
NOR,Norway,2000,Bronze,19
NOR,Norway,2000,Gold,20
NOR,Norway,2000,Silver,4
NOR,Norway,2002,Bronze,7
NOR,Norway,2002,Gold,23
NOR,Norway,2002,Silver,11
NOR,Norway,2004,Bronze,2
NOR,Norway,2004,Gold,5
NOR,Norway,2006,Bronze,12
NOR,Norway,2006,Gold,2
NOR,Norway,2006,Silver,9
NOR,Norway,2008,Bronze,1
NOR,Norway,2008,Gold,16
NOR,Norway,2008,Silver,5
NOR,Norway,2010,Bronze,9
NOR,Norway,2010,Gold,16
NOR,Norway,2010,Silver,14
NOR,Norway,2012,Bronze,1
NOR,Norway,2012,Gold,15
NOR,Norway,2012,Silver,1
NOR,Norway,2014,Bronze,13
NOR,Norway,2014,Gold,18
NOR,Norway,2014,Silver,5
NOR,Norway,2016,Bronze,19
NPL,Nepal,1924,Gold,1
NZL,New Zealand,1900,Gold,1
NZL,New Zealand,1920,Bronze,1
NZL,New Zealand,1924,Bronze,1
NZL,New Zealand,1928,Gold,1
NZL,New Zealand,1932,Silver,2
NZL,New Zealand,1936,Gold,1
NZL,New Zealand,1952,Bronze,2
NZL,New Zealand,1952,Gold,1
NZL,New Zealand,1956,Gold,3
NZL,New Zealand,1960,Bronze,1
NZL,New Zealand,1960,Gold,2
NZL,New Zealand,1964,Bronze,2
NZL,New Zealand,1964,Gold,4
NZL,New Zealand,1968,Bronze,2
NZL,New Zealand,1968,Gold,5
NZL,New Zealand,1972,Bronze,1
NZL,New Zealand,1972,Gold,9
NZL,New Zealand,1972,Silver,4
NZL,New Zealand,1976,Bronze,9
NZL,New Zealand,1976,Gold,15
NZL,New Zealand,1976,Silver,1
NZL,New Zealand,1984,Bronze,6
NZL,New Zealand,1984,Gold,16
NZL,New Zealand,1984,Silver,1
NZL,New Zealand,1988,Bronze,16
NZL,New Zealand,1988,Gold,4
NZL,New Zealand,1988,Silver,4
NZL,New Zealand,1992,Bronze,5
NZL,New Zealand,1992,Gold,1
NZL,New Zealand,1992,Silver,9
NZL,New Zealand,1992,Silver,1
NZL,New Zealand,1996,Bronze,4
NZL,New Zealand,1996,Gold,3
NZL,New Zealand,1996,Silver,2
NZL,New Zealand,2000,Bronze,3
NZL,New Zealand,2000,Gold,1
NZL,New Zealand,2004,Gold,4
NZL,New Zealand,2004,Silver,2
NZL,New Zealand,2008,Bronze,9
NZL,New Zealand,2008,Gold,4
NZL,New Zealand,2008,Silver,2
NZL,New Zealand,2012,Bronze,15
NZL,New Zealand,2012,Gold,9
NZL,New Zealand,2012,Silver,3
NZL,New Zealand,2016,Bronze,5
NZL,New Zealand,2016,Gold,6
NZL,New Zealand,2016,Silver,25
PAK,Pakistan,1956,Silver,14
PAK,Pakistan,1960,Bronze,1
PAK,Pakistan,1960,Gold,13
PAK,Pakistan,1964,Silver,16
PAK,Pakistan,1968,Gold,13
PAK,Pakistan,1972,Silver,15
PAK,Pakistan,1976,Bronze,16
PAK,Pakistan,1984,Gold,16
PAK,Pakistan,1988,Bronze,1
PAK,Pakistan,1992,Bronze,16
PAN,Panama,1948,Bronze,2
PAN,Panama,2008,Gold,1
PER,Peru,1948,Gold,1
PER,Peru,1984,Silver,1
PER,Peru,1988,Silver,12
PER,Peru,1992,Silver,1
PHL,Philippines,1928,Bronze,1
PHL,Philippines,1932,Bronze,3
PHL,Philippines,1936,Bronze,1
PHL,Philippines,1964,Silver,1
PHL,Philippines,1988,Bronze,1
PHL,Philippines,1992,Bronze,1
PHL,Philippines,1996,Silver,1
PHL,Philippines,2016,Silver,1
POL,Poland,1924,Bronze,1
POL,Poland,1924,Silver,4
POL,Poland,1928,Bronze,15
POL,Poland,1928,Gold,2
POL,Poland,1928,Silver,3
POL,Poland,1932,Bronze,14
POL,Poland,1932,Gold,3
POL,Poland,1932,Silver,4
POL,Poland,1936,Bronze,6
POL,Poland,1936,Silver,6
POL,Poland,1948,Bronze,1
POL,Poland,1948,Gold,1
POL,Poland,1952,Bronze,1
POL,Poland,1952,Gold,1
POL,Poland,1952,Silver,2
POL,Poland,1956,Bronze,9
POL,Poland,1956,Gold,1
POL,Poland,1956,Silver,9
POL,Poland,1956,Bronze,1
POL,Poland,1960,Bronze,15
POL,Poland,1960,Gold,4
POL,Poland,1960,Silver,11
POL,Poland,1960,Bronze,1
POL,Poland,1960,Silver,1
POL,Poland,1964,Bronze,23
POL,Poland,1964,Gold,10
POL,Poland,1964,Silver,13
POL,Poland,1968,Bronze,30
POL,Poland,1968,Gold,5
POL,Poland,1968,Silver,2
POL,Poland,1972,Bronze,11
POL,Poland,1972,Gold,27
POL,Poland,1972,Silver,8
POL,Poland,1972,Gold,1
POL,Poland,1976,Bronze,26
POL,Poland,1976,Gold,18
POL,Poland,1976,Silver,29
POL,Poland,1980,Bronze,22
POL,Poland,1980,Gold,3
POL,Poland,1980,Silver,25
POL,Poland,1988,Bronze,10
POL,Poland,1988,Gold,2
POL,Poland,1988,Silver,9
POL,Poland,1992,Bronze,19
POL,Poland,1992,Gold,5
POL,Poland,1992,Silver,22
POL,Poland,1996,Bronze,7
POL,Poland,1996,Gold,7
POL,Poland,1996,Silver,8
POL,Poland,2000,Bronze,7
POL,Poland,2000,Gold,7
POL,Poland,2000,Silver,10
POL,Poland,2002,Bronze,1
POL,Poland,2002,Silver,1
POL,Poland,2004,Bronze,6
POL,Poland,2004,Gold,4
POL,Poland,2004,Silver,2
POL,Poland,2006,Bronze,1
POL,Poland,2006,Silver,1
POL,Poland,2008,Bronze,1
POL,Poland,2008,Gold,6
POL,Poland,2008,Silver,13
POL,Poland,2010,Bronze,4
POL,Poland,2010,Gold,1
POL,Poland,2010,Silver,3
POL,Poland,2012,Bronze,8
POL,Poland,2012,Gold,2
POL,Poland,2012,Silver,2
POL,Poland,2014,Bronze,3
POL,Poland,2014,Gold,4
POL,Poland,2014,Silver,4
POL,Poland,2016,Bronze,10
POL,Poland,2016,Gold,3
POL,Poland,2016,Silver,3
PRI,Puerto Rico,1948,Bronze,1
PRI,Puerto Rico,1976,Bronze,1
PRI,Puerto Rico,1984,Bronze,1
PRI,Puerto Rico,1984,Silver,1
PRI,Puerto Rico,1992,Bronze,1
PRI,Puerto Rico,1996,Bronze,1
PRI,Puerto Rico,2012,Bronze,1
PRI,Puerto Rico,2012,Silver,1
PRI,Puerto Rico,2016,Gold,1
PRK,North Korea,1964,Silver,1
PRK,North Korea,1972,Bronze,13
PRK,North Korea,1972,Gold,1
PRK,North Korea,1972,Silver,1
PRK,North Korea,1976,Gold,1
PRK,North Korea,1976,Silver,1
PRK,North Korea,1980,Bronze,2
PRK,North Korea,1980,Silver,3
PRK,North Korea,1992,Bronze,6
PRK,North Korea,1992,Gold,4
PRK,North Korea,1992,Bronze,1
PRK,North Korea,1996,Bronze,2
PRK,North Korea,1996,Gold,2
PRK,North Korea,1996,Silver,1
PRK,North Korea,2000,Bronze,3
PRK,North Korea,2000,Silver,1
PRK,North Korea,2004,Bronze,1
PRK,North Korea,2004,Silver,4
PRK,North Korea,2008,Bronze,3
PRK,North Korea,2008,Gold,2
PRK,North Korea,2008,Silver,1
PRK,North Korea,2012,Bronze,2
PRK,North Korea,2012,Gold,4
PRK,North Korea,2016,Bronze,2
PRK,North Korea,2016,Gold,2
PRK,North Korea,2016,Silver,3
PRT,Portugal,1924,Bronze,4
PRT,Portugal,1928,Bronze,6
PRT,Portugal,1936,Bronze,3
PRT,Portugal,1948,Bronze,3
PRT,Portugal,1948,Silver,2
PRT,Portugal,1952,Bronze,2
PRT,Portugal,1960,Silver,2
PRT,Portugal,1976,Silver,2
PRT,Portugal,1984,Bronze,2
PRT,Portugal,1984,Gold,1
PRT,Portugal,1988,Gold,1
PRT,Portugal,1996,Bronze,2
PRT,Portugal,1996,Gold,1
PRT,Portugal,2000,Bronze,2
PRT,Portugal,2004,Bronze,1
PRT,Portugal,2004,Silver,2
PRT,Portugal,2008,Gold,1
PRT,Portugal,2008,Silver,1
PRT,Portugal,2012,Silver,2
PRT,Portugal,2016,Bronze,1
PRY,Paraguay,2004,Silver,17
QAT,Qatar,1992,Bronze,1
QAT,Qatar,2000,Bronze,1
QAT,Qatar,2012,Bronze,2
QAT,Qatar,2016,Silver,1
ROU,Romania,1924,Bronze,16
ROU,Romania,1936,Silver,1
ROU,Romania,1952,Bronze,2
ROU,Romania,1952,Gold,1
ROU,Romania,1952,Silver,1
ROU,Romania,1956,Bronze,10
ROU,Romania,1956,Gold,6
ROU,Romania,1956,Silver,3
ROU,Romania,1960,Bronze,11
ROU,Romania,1960,Gold,3
ROU,Romania,1960,Silver,1
ROU,Romania,1964,Bronze,10
ROU,Romania,1964,Gold,2
ROU,Romania,1964,Silver,4
ROU,Romania,1968,Bronze,9
ROU,Romania,1968,Gold,5
ROU,Romania,1968,Silver,9
ROU,Romania,1968,Bronze,2
ROU,Romania,1972,Bronze,27
ROU,Romania,1972,Gold,3
ROU,Romania,1972,Silver,10
ROU,Romania,1976,Bronze,23
ROU,Romania,1976,Gold,4
ROU,Romania,1976,Silver,28
ROU,Romania,1980,Bronze,46
ROU,Romania,1980,Gold,7
ROU,Romania,1980,Silver,15
ROU,Romania,1984,Bronze,35
ROU,Romania,1984,Gold,40
ROU,Romania,1984,Silver,31
ROU,Romania,1988,Bronze,16
ROU,Romania,1988,Gold,8
ROU,Romania,1988,Silver,34
ROU,Romania,1992,Bronze,14
ROU,Romania,1992,Gold,8
ROU,Romania,1992,Silver,31
ROU,Romania,1996,Bronze,15
ROU,Romania,1996,Gold,13
ROU,Romania,1996,Silver,10
ROU,Romania,2000,Bronze,13
ROU,Romania,2000,Gold,27
ROU,Romania,2000,Silver,6
ROU,Romania,2004,Bronze,11
ROU,Romania,2004,Gold,23
ROU,Romania,2004,Silver,5
ROU,Romania,2008,Bronze,16
ROU,Romania,2008,Gold,5
ROU,Romania,2008,Silver,1
ROU,Romania,2012,Bronze,6
ROU,Romania,2012,Gold,2
ROU,Romania,2012,Silver,8
ROU,Romania,2016,Bronze,10
ROU,Romania,2016,Gold,4
ROU,Romania,2016,Silver,2
RUS,Russia,1908,Gold,1
RUS,Russia,1908,Silver,2
RUS,Russia,1912,Bronze,9
RUS,Russia,1912,Silver,5
RUS,Russia,1994,Bronze,4
RUS,Russia,1994,Gold,19
RUS,Russia,1994,Silver,13
RUS,Russia,1996,Bronze,34
RUS,Russia,1996,Gold,36
RUS,Russia,1996,Silver,45
RUS,Russia,1998,Bronze,6
RUS,Russia,1998,Gold,14
RUS,Russia,1998,Silver,32
RUS,Russia,2000,Bronze,54
RUS,Russia,2000,Gold,66
RUS,Russia,2000,Silver,67
RUS,Russia,2002,Bronze,27
RUS,Russia,2002,Gold,6
RUS,Russia,2002,Silver,5
RUS,Russia,2004,Bronze,95
RUS,Russia,2004,Gold,48
RUS,Russia,2004,Silver,46
RUS,Russia,2006,Bronze,13
RUS,Russia,2006,Gold,16
RUS,Russia,2006,Silver,12
RUS,Russia,2008,Bronze,53
RUS,Russia,2008,Gold,43
RUS,Russia,2008,Silver,46
RUS,Russia,2010,Bronze,14
RUS,Russia,2010,Gold,6
RUS,Russia,2010,Silver,5
RUS,Russia,2012,Bronze,51
RUS,Russia,2012,Gold,50
RUS,Russia,2012,Silver,39
RUS,Russia,2014,Bronze,13
RUS,Russia,2014,Gold,33
RUS,Russia,2014,Silver,22
RUS,Russia,2016,Bronze,35
RUS,Russia,2016,Gold,52
RUS,Russia,2016,Silver,28
SAU,Saudi Arabia,2000,Bronze,1
SAU,Saudi Arabia,2000,Silver,1
SAU,Saudi Arabia,2012,Bronze,4
SCG,,1996,Bronze,13
SCG,,1996,Gold,1
SCG,,1996,Silver,12
SCG,,2000,Bronze,13
SCG,,2000,Gold,11
SCG,,2000,Silver,1
SCG,,2004,Silver,13
SDN,Sudan,2008,Silver,1
SEN,Senegal,1988,Silver,1
SGP,Singapore,1960,Silver,1
SGP,Singapore,2008,Silver,3
SGP,Singapore,2012,Bronze,4
SGP,Singapore,2016,Gold,1
SRB,Serbia,2008,Bronze,14
SRB,Serbia,2008,Silver,1
SRB,Serbia,2012,Bronze,14
SRB,Serbia,2012,Gold,1
SRB,Serbia,2012,Silver,1
SRB,Serbia,2016,Bronze,13
SRB,Serbia,2016,Gold,14
SRB,Serbia,2016,Silver,27
SUN,,1952,Bronze,19
SUN,,1952,Gold,36
SUN,,1952,Silver,62
SUN,,1956,Bronze,55
SUN,,1956,Gold,68
SUN,,1956,Silver,46
SUN,,1956,Bronze,6
SUN,,1956,Gold,26
SUN,,1956,Silver,5
SUN,,1960,Bronze,45
SUN,,1960,Gold,61
SUN,,1960,Silver,63
SUN,,1960,Bronze,28
SUN,,1960,Gold,7
SUN,,1960,Silver,7
SUN,,1964,Bronze,51
SUN,,1964,Gold,60
SUN,,1964,Silver,63
SUN,,1964,Bronze,9
SUN,,1964,Gold,30
SUN,,1964,Silver,8
SUN,,1968,Bronze,64
SUN,,1968,Gold,65
SUN,,1968,Silver,63
SUN,,1968,Bronze,5
SUN,,1968,Gold,26
SUN,,1968,Silver,6
SUN,,1972,Bronze,60
SUN,,1972,Gold,107
SUN,,1972,Silver,47
SUN,,1972,Bronze,3
SUN,,1972,Gold,36
SUN,,1972,Silver,6
SUN,,1976,Bronze,77
SUN,,1976,Gold,114
SUN,,1976,Silver,95
SUN,,1976,Bronze,11
SUN,,1976,Gold,38
SUN,,1976,Silver,7
SUN,,1980,Bronze,126
SUN,,1980,Gold,187
SUN,,1980,Silver,129
SUN,,1980,Bronze,7
SUN,,1980,Gold,18
SUN,,1980,Silver,29
SUN,,1984,Bronze,12
SUN,,1984,Gold,29
SUN,,1984,Silver,15
SUN,,1988,Bronze,99
SUN,,1988,Gold,134
SUN,,1988,Silver,67
SUN,,1988,Bronze,12
SUN,,1988,Gold,40
SUN,,1988,Silver,14
SUR,Suriname,1988,Gold,1
SUR,Suriname,1992,Bronze,1
SVK,Slovakia,1996,Bronze,1
SVK,Slovakia,1996,Gold,1
SVK,Slovakia,1996,Silver,1
SVK,Slovakia,2000,Bronze,1
SVK,Slovakia,2000,Gold,2
SVK,Slovakia,2000,Silver,3
SVK,Slovakia,2004,Bronze,5
SVK,Slovakia,2004,Gold,3
SVK,Slovakia,2004,Silver,2
SVK,Slovakia,2006,Silver,1
SVK,Slovakia,2008,Bronze,1
SVK,Slovakia,2008,Gold,4
SVK,Slovakia,2008,Silver,5
SVK,Slovakia,2010,Bronze,1
SVK,Slovakia,2010,Gold,1
SVK,Slovakia,2010,Silver,1
SVK,Slovakia,2012,Bronze,4
SVK,Slovakia,2012,Silver,1
SVK,Slovakia,2014,Gold,1
SVK,Slovakia,2016,Gold,3
SVK,Slovakia,2016,Silver,5
SVN,Slovenia,1992,Bronze,6
SVN,Slovenia,1994,Bronze,3
SVN,Slovenia,1996,Silver,2
SVN,Slovenia,2000,Gold,3
SVN,Slovenia,2002,Bronze,4
SVN,Slovenia,2004,Bronze,3
SVN,Slovenia,2004,Silver,2
SVN,Slovenia,2008,Bronze,2
SVN,Slovenia,2008,Gold,1
SVN,Slovenia,2008,Silver,2
SVN,Slovenia,2010,Bronze,1
SVN,Slovenia,2010,Silver,2
SVN,Slovenia,2012,Bronze,3
SVN,Slovenia,2012,Gold,1
SVN,Slovenia,2012,Silver,1
SVN,Slovenia,2014,Bronze,4
SVN,Slovenia,2014,Gold,2
SVN,Slovenia,2014,Silver,2
SVN,Slovenia,2016,Bronze,1
SVN,Slovenia,2016,Gold,1
SVN,Slovenia,2016,Silver,2
SWE,Sweden,1900,Bronze,1
SWE,Sweden,1900,Gold,3
SWE,Sweden,1906,Bronze,14
SWE,Sweden,1906,Gold,2
SWE,Sweden,1906,Silver,5
SWE,Sweden,1908,Bronze,18
SWE,Sweden,1908,Gold,48
SWE,Sweden,1908,Silver,18
SWE,Sweden,1912,Bronze,25
SWE,Sweden,1912,Gold,103
SWE,Sweden,1912,Silver,62
SWE,Sweden,1920,Bronze,64
SWE,Sweden,1920,Gold,52
SWE,Sweden,1920,Silver,38
SWE,Sweden,1924,Bronze,43
SWE,Sweden,1924,Gold,7
SWE,Sweden,1924,Silver,22
SWE,Sweden,1924,Gold,1
SWE,Sweden,1924,Silver,8
SWE,Sweden,1928,Bronze,22
SWE,Sweden,1928,Gold,7
SWE,Sweden,1928,Silver,8
SWE,Sweden,1928,Bronze,1
SWE,Sweden,1928,Gold,2
SWE,Sweden,1928,Silver,13
SWE,Sweden,1932,Bronze,12
SWE,Sweden,1932,Gold,13
SWE,Sweden,1932,Silver,7
SWE,Sweden,1932,Gold,1
SWE,Sweden,1932,Silver,2
SWE,Sweden,1936,Bronze,17
SWE,Sweden,1936,Gold,7
SWE,Sweden,1936,Silver,11
SWE,Sweden,1936,Bronze,6
SWE,Sweden,1936,Gold,2
SWE,Sweden,1936,Silver,2
SWE,Sweden,1948,Bronze,30
SWE,Sweden,1948,Gold,30
SWE,Sweden,1948,Silver,15
SWE,Sweden,1948,Bronze,3
SWE,Sweden,1948,Gold,7
SWE,Sweden,1948,Silver,3
SWE,Sweden,1952,Bronze,23
SWE,Sweden,1952,Gold,23
SWE,Sweden,1952,Silver,24
SWE,Sweden,1952,Bronze,23
SWE,Sweden,1956,Bronze,6
SWE,Sweden,1956,Gold,14
SWE,Sweden,1956,Silver,14
SWE,Sweden,1956,Bronze,9
SWE,Sweden,1956,Gold,2
SWE,Sweden,1956,Silver,4
SWE,Sweden,1960,Bronze,3
SWE,Sweden,1960,Gold,2
SWE,Sweden,1960,Silver,2
SWE,Sweden,1960,Bronze,2
SWE,Sweden,1960,Gold,5
SWE,Sweden,1960,Silver,2
SWE,Sweden,1964,Bronze,8
SWE,Sweden,1964,Gold,3
SWE,Sweden,1964,Silver,4
SWE,Sweden,1964,Bronze,1
SWE,Sweden,1964,Gold,6
SWE,Sweden,1964,Silver,21
SWE,Sweden,1968,Bronze,1
SWE,Sweden,1968,Gold,4
SWE,Sweden,1968,Silver,4
SWE,Sweden,1968,Bronze,6
SWE,Sweden,1968,Gold,3
SWE,Sweden,1968,Silver,7
SWE,Sweden,1972,Bronze,8
SWE,Sweden,1972,Gold,4
SWE,Sweden,1972,Silver,10
SWE,Sweden,1972,Bronze,2
SWE,Sweden,1972,Gold,1
SWE,Sweden,1972,Silver,1
SWE,Sweden,1976,Gold,9
SWE,Sweden,1976,Silver,1
SWE,Sweden,1976,Bronze,2
SWE,Sweden,1980,Bronze,9
SWE,Sweden,1980,Gold,3
SWE,Sweden,1980,Silver,8
SWE,Sweden,1980,Bronze,20
SWE,Sweden,1980,Gold,3
SWE,Sweden,1984,Bronze,13
SWE,Sweden,1984,Gold,3
SWE,Sweden,1984,Silver,18
SWE,Sweden,1984,Bronze,21
SWE,Sweden,1984,Gold,7
SWE,Sweden,1984,Silver,2
SWE,Sweden,1988,Bronze,11
SWE,Sweden,1988,Silver,5
SWE,Sweden,1988,Bronze,23
SWE,Sweden,1988,Gold,7
SWE,Sweden,1992,Bronze,7
SWE,Sweden,1992,Gold,1
SWE,Sweden,1992,Silver,27
SWE,Sweden,1992,Bronze,6
SWE,Sweden,1992,Gold,1
SWE,Sweden,1994,Gold,23
SWE,Sweden,1994,Silver,1
SWE,Sweden,1996,Bronze,5
SWE,Sweden,1996,Gold,3
SWE,Sweden,1996,Silver,23
SWE,Sweden,1998,Bronze,5
SWE,Sweden,1998,Silver,2
SWE,Sweden,2000,Bronze,8
SWE,Sweden,2000,Gold,4
SWE,Sweden,2000,Silver,20
SWE,Sweden,2002,Bronze,24
SWE,Sweden,2002,Silver,2
SWE,Sweden,2004,Bronze,2
SWE,Sweden,2004,Gold,5
SWE,Sweden,2004,Silver,5
SWE,Sweden,2006,Bronze,8
SWE,Sweden,2006,Gold,35
SWE,Sweden,2006,Silver,21
SWE,Sweden,2008,Bronze,2
SWE,Sweden,2008,Silver,5
SWE,Sweden,2010,Bronze,4
SWE,Sweden,2010,Gold,11
SWE,Sweden,2010,Silver,3
SWE,Sweden,2012,Bronze,3
SWE,Sweden,2012,Gold,2
SWE,Sweden,2012,Silver,17
SWE,Sweden,2014,Bronze,11
SWE,Sweden,2014,Gold,8
SWE,Sweden,2014,Silver,32
SWE,Sweden,2016,Bronze,3
SWE,Sweden,2016,Gold,2
SWE,Sweden,2016,Silver,23
SYR,Syria,1984,Silver,1
SYR,Syria,1996,Gold,1
SYR,Syria,2004,Bronze,1
TGO,Togo,2008,Bronze,1
THA,Thailand,1976,Bronze,1
THA,Thailand,1984,Silver,1
THA,Thailand,1988,Bronze,1
THA,Thailand,1992,Bronze,1
THA,Thailand,1996,Bronze,1
THA,Thailand,1996,Gold,1
THA,Thailand,2000,Bronze,2
THA,Thailand,2000,Gold,1
THA,Thailand,2004,Bronze,4
THA,Thailand,2004,Gold,3
THA,Thailand,2004,Silver,1
THA,Thailand,2008,Gold,2
THA,Thailand,2008,Silver,2
THA,Thailand,2012,Bronze,1
THA,Thailand,2012,Silver,2
THA,Thailand,2016,Bronze,2
THA,Thailand,2016,Gold,2
THA,Thailand,2016,Silver,2
TJK,Tajikistan,2008,Bronze,1
TJK,Tajikistan,2008,Silver,1
TJK,Tajikistan,2012,Bronze,1
TJK,Tajikistan,2016,Gold,1
TON,Tonga,1996,Silver,1
TTO,Trinidad and Tobago,1948,Silver,1
TTO,Trinidad and Tobago,1952,Bronze,2
TTO,Trinidad and Tobago,1964,Bronze,5
TTO,Trinidad and Tobago,1964,Silver,1
TTO,Trinidad and Tobago,1976,Gold,1
TTO,Trinidad and Tobago,1996,Bronze,2
TTO,Trinidad and Tobago,2000,Bronze,1
TTO,Trinidad and Tobago,2000,Silver,1
TTO,Trinidad and Tobago,2004,Bronze,1
TTO,Trinidad and Tobago,2008,Gold,5
TTO,Trinidad and Tobago,2008,Silver,1
TTO,Trinidad and Tobago,2012,Bronze,5
TTO,Trinidad and Tobago,2012,Gold,1
TTO,Trinidad and Tobago,2012,Silver,4
TTO,Trinidad and Tobago,2016,Bronze,1
TUN,Tunisia,1964,Bronze,1
TUN,Tunisia,1964,Silver,1
TUN,Tunisia,1968,Bronze,1
TUN,Tunisia,1968,Gold,1
TUN,Tunisia,1972,Silver,1
TUN,Tunisia,1996,Bronze,1
TUN,Tunisia,2008,Gold,1
TUN,Tunisia,2012,Bronze,1
TUN,Tunisia,2012,Gold,1
TUN,Tunisia,2012,Silver,1
TUN,Tunisia,2016,Bronze,3
TUR,Turkey,1936,Bronze,1
TUR,Turkey,1936,Gold,1
TUR,Turkey,1948,Bronze,2
TUR,Turkey,1948,Gold,6
TUR,Turkey,1948,Silver,4
TUR,Turkey,1952,Bronze,1
TUR,Turkey,1952,Gold,2
TUR,Turkey,1956,Bronze,2
TUR,Turkey,1956,Gold,3
TUR,Turkey,1956,Silver,2
TUR,Turkey,1960,Gold,7
TUR,Turkey,1960,Silver,2
TUR,Turkey,1964,Bronze,1
TUR,Turkey,1964,Gold,2
TUR,Turkey,1964,Silver,3
TUR,Turkey,1968,Gold,2
TUR,Turkey,1972,Silver,1
TUR,Turkey,1984,Bronze,3
TUR,Turkey,1988,Gold,1
TUR,Turkey,1988,Silver,1
TUR,Turkey,1992,Bronze,2
TUR,Turkey,1992,Gold,2
TUR,Turkey,1992,Silver,2
TUR,Turkey,1996,Bronze,1
TUR,Turkey,1996,Gold,4
TUR,Turkey,1996,Silver,1
TUR,Turkey,2000,Bronze,2
TUR,Turkey,2000,Gold,3
TUR,Turkey,2004,Bronze,5
TUR,Turkey,2004,Gold,3
TUR,Turkey,2004,Silver,3
TUR,Turkey,2008,Bronze,3
TUR,Turkey,2008,Gold,1
TUR,Turkey,2008,Silver,3
TUR,Turkey,2012,Bronze,1
TUR,Turkey,2012,Gold,2
TUR,Turkey,2012,Silver,2
TUR,Turkey,2016,Bronze,4
TUR,Turkey,2016,Gold,1
TUR,Turkey,2016,Silver,3
TWN,Taiwan,1960,Silver,1
TWN,Taiwan,1968,Bronze,1
TWN,Taiwan,1984,Bronze,1
TWN,Taiwan,1992,Silver,20
TWN,Taiwan,1996,Silver,1
TWN,Taiwan,2000,Bronze,4
TWN,Taiwan,2000,Silver,1
TWN,Taiwan,2004,Bronze,3
TWN,Taiwan,2004,Gold,2
TWN,Taiwan,2004,Silver,4
TWN,Taiwan,2008,Bronze,4
TWN,Taiwan,2012,Bronze,1
TWN,Taiwan,2012,Silver,1
TWN,Taiwan,2016,Bronze,4
TWN,Taiwan,2016,Gold,1
TZA,Tanzania,1980,Silver,2
UGA,Uganda,1968,Bronze,1
UGA,Uganda,1968,Silver,1
UGA,Uganda,1972,Gold,1
UGA,Uganda,1972,Silver,1
UGA,Uganda,1980,Silver,1
UGA,Uganda,1996,Bronze,1
UGA,Uganda,2012,Gold,1
UKR,Ukraine,1994,Bronze,1
UKR,Ukraine,1994,Gold,1
UKR,Ukraine,1996,Bronze,19
UKR,Ukraine,1996,Gold,10
UKR,Ukraine,1996,Silver,5
UKR,Ukraine,1998,Silver,1
UKR,Ukraine,2000,Bronze,12
UKR,Ukraine,2000,Gold,3
UKR,Ukraine,2000,Silver,20
UKR,Ukraine,2004,Bronze,31
UKR,Ukraine,2004,Gold,8
UKR,Ukraine,2004,Silver,8
UKR,Ukraine,2006,Bronze,3
UKR,Ukraine,2008,Bronze,16
UKR,Ukraine,2008,Gold,10
UKR,Ukraine,2008,Silver,5
UKR,Ukraine,2012,Bronze,12
UKR,Ukraine,2012,Gold,9
UKR,Ukraine,2012,Silver,5
UKR,Ukraine,2014,Bronze,1
UKR,Ukraine,2014,Gold,4
UKR,Ukraine,2016,Bronze,5
UKR,Ukraine,2016,Gold,2
UKR,Ukraine,2016,Silver,8
URY,Uruguay,1924,Gold,14
URY,Uruguay,1928,Gold,17
URY,Uruguay,1932,Bronze,1
URY,Uruguay,1948,Bronze,2
URY,Uruguay,1948,Silver,1
URY,Uruguay,1952,Bronze,14
URY,Uruguay,1956,Bronze,12
URY,Uruguay,1964,Bronze,1
URY,Uruguay,2000,Silver,1
USA,United States,1896,Bronze,2
USA,United States,1896,Gold,11
USA,United States,1896,Silver,7
USA,United States,1900,Bronze,17
USA,United States,1900,Gold,30
USA,United States,1900,Silver,16
USA,United States,1904,Bronze,125
USA,United States,1904,Gold,128
USA,United States,1904,Silver,141
USA,United States,1906,Bronze,6
USA,United States,1906,Gold,12
USA,United States,1906,Silver,6
USA,United States,1908,Bronze,15
USA,United States,1908,Gold,34
USA,United States,1908,Silver,16
USA,United States,1912,Bronze,36
USA,United States,1912,Gold,46
USA,United States,1912,Silver,25
USA,United States,1920,Bronze,38
USA,United States,1920,Gold,111
USA,United States,1920,Silver,45
USA,United States,1924,Bronze,49
USA,United States,1924,Gold,97
USA,United States,1924,Silver,36
USA,United States,1924,Bronze,1
USA,United States,1924,Gold,1
USA,United States,1924,Silver,10
USA,United States,1928,Bronze,17
USA,United States,1928,Gold,47
USA,United States,1928,Silver,24
USA,United States,1928,Bronze,2
USA,United States,1928,Gold,6
USA,United States,1928,Silver,6
USA,United States,1932,Bronze,61
USA,United States,1932,Gold,81
USA,United States,1932,Silver,47
USA,United States,1932,Bronze,3
USA,United States,1932,Gold,10
USA,United States,1932,Silver,21
USA,United States,1936,Bronze,16
USA,United States,1936,Gold,51
USA,United States,1936,Silver,29
USA,United States,1936,Bronze,14
USA,United States,1936,Gold,2
USA,United States,1948,Bronze,35
USA,United States,1948,Gold,87
USA,United States,1948,Silver,30
USA,United States,1948,Bronze,6
USA,United States,1948,Gold,6
USA,United States,1948,Silver,4
USA,United States,1952,Bronze,28
USA,United States,1952,Gold,83
USA,United States,1952,Silver,23
USA,United States,1952,Bronze,1
USA,United States,1952,Gold,4
USA,United States,1952,Silver,25
USA,United States,1956,Bronze,20
USA,United States,1956,Gold,61
USA,United States,1956,Silver,42
USA,United States,1956,Bronze,5
USA,United States,1956,Gold,2
USA,United States,1956,Silver,19
USA,United States,1960,Bronze,21
USA,United States,1960,Gold,81
USA,United States,1960,Silver,23
USA,United States,1960,Bronze,4
USA,United States,1960,Gold,19
USA,United States,1960,Silver,4
USA,United States,1964,Bronze,37
USA,United States,1964,Gold,95
USA,United States,1964,Silver,37
USA,United States,1964,Bronze,5
USA,United States,1964,Gold,1
USA,United States,1964,Silver,2
USA,United States,1968,Bronze,35
USA,United States,1968,Gold,99
USA,United States,1968,Silver,32
USA,United States,1968,Bronze,1
USA,United States,1968,Gold,1
USA,United States,1968,Silver,5
USA,United States,1972,Bronze,43
USA,United States,1972,Gold,69
USA,United States,1972,Silver,59
USA,United States,1972,Bronze,3
USA,United States,1972,Gold,3
USA,United States,1972,Silver,18
USA,United States,1976,Bronze,36
USA,United States,1976,Gold,70
USA,United States,1976,Silver,58
USA,United States,1976,Bronze,5
USA,United States,1976,Gold,3
USA,United States,1976,Silver,3
USA,United States,1980,Bronze,2
USA,United States,1980,Gold,24
USA,United States,1980,Silver,4
USA,United States,1984,Bronze,50
USA,United States,1984,Gold,186
USA,United States,1984,Silver,116
USA,United States,1984,Gold,4
USA,United States,1984,Silver,5
USA,United States,1988,Bronze,54
USA,United States,1988,Gold,87
USA,United States,1988,Silver,66
USA,United States,1988,Bronze,4
USA,United States,1988,Gold,2
USA,United States,1988,Silver,1
USA,United States,1992,Bronze,85
USA,United States,1992,Gold,89
USA,United States,1992,Silver,50
USA,United States,1992,Bronze,2
USA,United States,1992,Gold,5
USA,United States,1992,Silver,7
USA,United States,1994,Bronze,5
USA,United States,1994,Gold,6
USA,United States,1994,Silver,8
USA,United States,1996,Bronze,52
USA,United States,1996,Gold,159
USA,United States,1996,Silver,48
USA,United States,1998,Bronze,5
USA,United States,1998,Gold,25
USA,United States,1998,Silver,4
USA,United States,2000,Bronze,51
USA,United States,2000,Gold,130
USA,United States,2000,Silver,61
USA,United States,2002,Bronze,15
USA,United States,2002,Gold,11
USA,United States,2002,Silver,58
USA,United States,2004,Bronze,71
USA,United States,2004,Gold,117
USA,United States,2004,Silver,75
USA,United States,2006,Bronze,32
USA,United States,2006,Gold,9
USA,United States,2006,Silver,11
USA,United States,2008,Bronze,80
USA,United States,2008,Gold,127
USA,United States,2008,Silver,110
USA,United States,2010,Bronze,22
USA,United States,2010,Gold,12
USA,United States,2010,Silver,63
USA,United States,2012,Bronze,46
USA,United States,2012,Gold,145
USA,United States,2012,Silver,57
USA,United States,2014,Bronze,24
USA,United States,2014,Gold,10
USA,United States,2014,Silver,30
USA,United States,2016,Bronze,71
USA,United States,2016,Gold,139
USA,United States,2016,Silver,54
UZB,Uzbekistan,1994,Gold,1
UZB,Uzbekistan,1996,Bronze,1
UZB,Uzbekistan,1996,Silver,1
UZB,Uzbekistan,2000,Bronze,2
UZB,Uzbekistan,2000,Gold,1
UZB,Uzbekistan,2000,Silver,1
UZB,Uzbekistan,2004,Bronze,2
UZB,Uzbekistan,2004,Gold,2
UZB,Uzbekistan,2004,Silver,1
UZB,Uzbekistan,2008,Bronze,3
UZB,Uzbekistan,2008,Gold,1
UZB,Uzbekistan,2008,Silver,2
UZB,Uzbekistan,2012,Bronze,2
UZB,Uzbekistan,2012,Gold,1
UZB,Uzbekistan,2016,Bronze,7
UZB,Uzbekistan,2016,Gold,4
UZB,Uzbekistan,2016,Silver,2
VEN,Venezuela,1952,Bronze,1
VEN,Venezuela,1960,Bronze,1
VEN,Venezuela,1968,Gold,1
VEN,Venezuela,1976,Silver,1
VEN,Venezuela,1980,Silver,1
VEN,Venezuela,1984,Bronze,3
VEN,Venezuela,2004,Bronze,2
VEN,Venezuela,2008,Bronze,1
VEN,Venezuela,2012,Gold,1
VEN,Venezuela,2016,Bronze,2
VEN,Venezuela,2016,Silver,1
VIR,"Virgin Islands, U.S.",1988,Silver,1
VNM,Vietnam,2000,Silver,1
VNM,Vietnam,2008,Silver,1
VNM,Vietnam,2016,Gold,1
VNM,Vietnam,2016,Silver,1
YUG,,1924,Gold,2
YUG,,1928,Bronze,10
YUG,,1928,Gold,1
YUG,,1928,Silver,1
YUG,,1936,Silver,1
YUG,,1948,Silver,16
YUG,,1952,Gold,4
YUG,,1952,Silver,20
YUG,,1956,Silver,23
YUG,,1960,Gold,16
YUG,,1960,Silver,1
YUG,,1964,Bronze,2
YUG,,1964,Gold,2
YUG,,1964,Silver,11
YUG,,1968,Bronze,2
YUG,,1968,Gold,13
YUG,,1968,Silver,14
YUG,,1972,Bronze,2
YUG,,1972,Gold,15
YUG,,1972,Silver,1
YUG,,1976,Bronze,3
YUG,,1976,Gold,2
YUG,,1976,Silver,14
YUG,,1980,Bronze,17
YUG,,1980,Gold,13
YUG,,1980,Silver,27
YUG,,1984,Bronze,35
YUG,,1984,Gold,47
YUG,,1984,Silver,5
YUG,,1984,Silver,1
YUG,,1988,Bronze,21
YUG,,1988,Gold,15
YUG,,1988,Silver,27
YUG,,1988,Bronze,1
YUG,,1988,Silver,5
ZAF,South Africa,1908,Gold,1
ZAF,South Africa,1908,Silver,1
ZAF,South Africa,1912,Gold,5
ZAF,South Africa,1912,Silver,2
ZAF,South Africa,1920,Bronze,6
ZAF,South Africa,1920,Gold,3
ZAF,South Africa,1920,Silver,12
ZAF,South Africa,1924,Bronze,1
ZAF,South Africa,1924,Gold,1
ZAF,South Africa,1924,Silver,1
ZAF,South Africa,1928,Bronze,5
ZAF,South Africa,1928,Gold,1
ZAF,South Africa,1932,Bronze,3
ZAF,South Africa,1932,Gold,2
ZAF,South Africa,1936,Silver,1
ZAF,South Africa,1948,Bronze,2
ZAF,South Africa,1948,Gold,2
ZAF,South Africa,1948,Silver,2
ZAF,South Africa,1952,Bronze,4
ZAF,South Africa,1952,Gold,2
ZAF,South Africa,1952,Silver,8
ZAF,South Africa,1956,Bronze,7
ZAF,South Africa,1960,Bronze,2
ZAF,South Africa,1960,Silver,1
ZAF,South Africa,1992,Silver,3
ZAF,South Africa,1996,Bronze,1
ZAF,South Africa,1996,Gold,3
ZAF,South Africa,1996,Silver,1
ZAF,South Africa,2000,Bronze,3
ZAF,South Africa,2000,Silver,2
ZAF,South Africa,2004,Bronze,3
ZAF,South Africa,2004,Gold,4
ZAF,South Africa,2004,Silver,3
ZAF,South Africa,2008,Silver,1
ZAF,South Africa,2012,Bronze,1
ZAF,South Africa,2012,Gold,6
ZAF,South Africa,2012,Silver,2
ZAF,South Africa,2016,Bronze,14
ZAF,South Africa,2016,Gold,2
ZAF,South Africa,2016,Silver,7
ZMB,Zambia,1984,Bronze,1
ZMB,Zambia,1996,Silver,1
ZWE,Zimbabwe,1980,Gold,15
ZWE,Zimbabwe,2004,Bronze,1
ZWE,Zimbabwe,2004,Gold,1
ZWE,Zimbabwe,2004,Silver,1
ZWE,Zimbabwe,2008,Gold,1
ZWE,Zimbabwe,2008,Silver,3
